store_nbr,family,nb9_weighted_error,nb11_weighted_error,weighted_gain,avg_sales,promo_days
44,3,326257190.5352,304835137.2911,21422053.2441,9973.607142857143,28
45,12,411969130.6403,270143180.9458,141825949.69449997,11195.82142857143,28
47,3,288773995.79109997,229414959.5275,59359036.26359997,9088.82142857143,28
46,12,301790415.0671,227911937.8002,73878477.2669,9761.07142857143,28
47,12,276666885.02989995,213955979.1188,62710905.91109994,10403.42857142857,28
28,12,194933861.51853558,205936411.1528476,-11002549.634312006,5202.2145,28
44,12,186389613.75039995,197971899.6631,-11582285.912700042,9948.857142857143,28
45,3,217803751.64319995,188647427.1608,29156324.48239995,9342.285714285714,28
40,3,172802620.4536,172308185.294,494435.1596000097,4933.5,28
54,3,157216673.49,165908708.2067,-8692034.716699999,3717.6785714285716,28
3,3,132790881.48409997,163415802.5423,-30624921.05820004,8442.357142857143,27
40,12,179009989.5598,156950541.8796,22059447.680199996,5920.928571428572,28
48,12,204931944.42689997,152285574.66269997,52646369.76420001,8586.57142857143,28
44,30,135200600.40854663,127656885.21430688,7543715.194239749,9569.060214285713,28
43,3,127235844.6846,125740461.70210001,1495382.9824999918,5176.714285714285,28
20,12,136132523.92153,125195259.2405941,10937264.680935903,6063.132321428571,28
11,12,128132066.1915946,113784989.9413076,14347076.250287008,7316.761464285714,28
52,12,137958089.7732,112809555.63329999,25148534.139900018,6374.071428571428,28
50,12,128814047.35389999,106598713.37239999,22215333.981499996,6963.75,28
46,3,90792300.05629997,103812800.96770002,-13020500.911400044,6278.928571428572,28
38,3,92557677.6484,101601153.67220001,-9043476.02380001,2785.535714285714,28
39,12,90187233.3210878,97916611.09651819,-7729377.775430382,5382.468857142857,28
39,7,99040581.11255,95286826.8902,3753754.2223499995,2223.5714285714284,28
3,12,90276806.6933,90983009.79050002,-706203.0972000246,7883.142857142857,27
3,30,87285551.70019524,86310234.18193279,975317.5182624334,7910.240671428571,27
11,3,76578872.43090001,86191680.9429,-9612808.512000004,4563.321428571428,28
40,7,79825486.1846,82160953.6436,-2335467.4590000007,2143.785714285714,28
49,30,112604870.94797501,80037887.91546643,32566983.032508593,7543.972035714286,28
51,30,73454896.638002,79235471.59532021,-5780574.957318214,5625.629535714286,28
45,30,79689704.21275777,77113971.49117582,2575732.721581952,6544.589153571428,28
48,3,69008313.23989998,76025018.33220002,-7016705.092300033,5183.142857142857,28
39,3,80929443.0988,75875983.15990001,5053459.938899996,3778.0714285714284,28
9,12,95070850.5372445,74516991.42218499,20553859.11505951,6600.844607142857,28
20,7,76541213.5121,73295625.92179,3245587.590310003,2014.642857142857,28
49,12,98349711.03940003,72385787.12310001,25963923.91630002,7676.357142857143,28
49,3,81024335.98720002,71260664.2526,9763671.734600017,6814.928571428572,28
51,12,71473157.9562,69460522.08219999,2012635.8740000126,5303.214285714285,28
43,12,68976730.4684744,67330049.4538374,1646681.0146370018,4932.367749999999,28
50,3,55955178.54599999,64932329.7138,-8977151.167800007,4716.464285714285,28
42,3,65443499.4048,64519146.4803,924352.9245000011,2837.1785714285716,28
52,3,61644727.58580001,64503095.0402,-2858367.4543999974,4687.5,28
52,30,70086285.4929325,64112445.56870302,5973839.924229487,5022.187535714285,28
29,12,63636252.09982251,61229970.2610091,2406281.8388134036,4042.248607142857,28
41,12,64335897.482200004,59793421.40630001,4542476.075899999,4072.0714285714284,27
20,3,60022826.4123,59785223.3544,237603.0578999922,4071.3928571428573,28
28,3,59217776.002799995,59710563.425799996,-492787.4230000053,3541.8214285714284,28
33,3,58673019.8809,59443173.0288,-770153.1479000014,2334.1785714285716,28
21,12,55226088.36847391,58903326.08376709,-3677237.715293186,4466.76725,28
31,12,65442353.7811515,58577722.943032905,6864630.838118601,4765.035678571429,28
27,12,53291744.73190001,56803875.3027,-3512130.570799995,4007.25,28
36,12,52221665.64412662,54269733.20457531,-2048067.5604486929,3958.8500714285715,27
29,3,55304998.371999994,53780836.7659,1524161.6060999986,3236.1428571428573,28
30,12,54423770.213999994,53381343.836,1042426.3779999948,2235.0714285714284,28
31,3,51868761.256799996,53194892.3582,-1326131.1014000003,3451.8571428571427,28
51,3,54580737.8269,53131282.6474,1449455.1794999985,4677.928571428572,28
21,3,49020631.1311,50491669.9521,-1471038.8209999981,3326.1428571428573,28
36,3,49152570.5632,50032304.75170001,-879734.1885000045,3589.0,27
14,7,51673322.60657,49418640.83518,2254681.7713900004,1526.2857142857142,28
21,7,49207010.3191,47986930.79826,1220079.5208399969,1827.107142857143,28
47,30,59545701.19254029,46557995.9920972,12987705.20044309,5803.713785714286,28
41,3,48583717.4964,46083636.5332,2500080.963199996,2780.964285714286,27
25,3,55533167.254,45986436.0871,9546731.166899996,2369.035714285714,28
37,3,45329406.0981,42367835.8627,2961570.2354000015,2835.8928571428573,28
8,30,37109743.86890757,41069650.60972216,-3959906.7408145904,4692.438260714285,27
17,12,52576218.164,40951631.507800005,11624586.656199995,4577.035714285715,28
38,12,38702865.776,40949880.2203,-2247014.4442999987,3822.3928571428573,28
27,3,39966557.1273,40464779.634399995,-498222.50709999655,3273.3928571428573,28
14,12,45873598.7866,40336557.8385,5537040.948100006,3025.75,28
8,3,39961986.073699996,39098066.3917,863919.6819999983,4650.214285714285,27
7,30,36249496.00886299,38879579.56371841,-2630083.554855422,4881.657678571429,28
6,12,43500214.0057,38789677.02329999,4710536.982400005,4855.071428571428,28
9,3,40130220.13869999,38587185.3422,1543034.7964999957,3537.8571428571427,28
8,12,42288649.38410001,38585445.0581,3703204.326000007,4911.25,27
34,12,39183847.217917204,38191583.79223529,992263.4256819097,4050.566964285714,28
19,12,36565657.4401,34221792.845400006,2343864.5946999965,3449.0714285714284,28
24,12,35296831.08890001,33868471.54089999,1428359.5480000104,4126.607142857143,28
54,12,47162017.0447,32866131.6695,14295885.3752,3438.6428571428573,28
30,3,32183774.974200003,31808709.9186,375065.0555999997,1653.5357142857142,28
4,12,27160169.120499995,31550309.535899997,-4390140.415400001,3381.035714285714,28
24,30,29321164.55335108,30491073.265225682,-1169908.711874605,3723.308064285714,28
24,3,33343638.3914,29648068.087999996,3695570.303400002,3570.464285714286,28
37,12,39225089.0197,28116002.5123,11109086.507399997,3551.6071428571427,28
22,12,28936905.8877,27410244.206299998,1526661.681400002,2614.285714285714,28
46,7,27408046.809400003,27294621.3902,113425.41920000239,2473.035714285714,28
25,30,26289841.81948167,24861922.74254924,1427919.0769324326,1831.8890749999998,28
38,7,23242279.90885,23968952.55533,-726672.6464800028,1183.642857142857,28
2,12,27411057.070699997,23930532.288499996,3480524.782200001,3829.6428571428573,28
19,3,25425817.1963,23910757.7556,1515059.4406999983,2660.3214285714284,28
12,7,24967977.25475,23413690.15173,1554287.1030199998,1169.25,28
17,3,22554787.813300002,23286893.525700007,-732105.7124000024,3123.1428571428573,28
42,12,22858030.227800004,22974501.172399998,-116470.94459999597,3116.6428571428573,28
13,12,25712999.378299996,22911662.3065,2801337.071799997,2791.535714285714,28
7,3,22960925.7355,22738993.9155,221931.8200000001,3804.0,28
27,30,21978654.785493948,22665255.43602737,-686600.650533422,2804.2605678571426,28
53,12,21789054.961000007,22251616.3721,-462561.41109999374,3289.0,27
25,12,25104634.051999997,22235245.793899998,2869388.2580999993,2058.6428571428573,28
6,3,20296081.936100002,22185954.810399998,-1889872.8742999951,3523.25,28
33,12,20987815.2933,21269135.6446,-281320.3512999996,3038.8214285714284,28
31,7,21947940.88768,21109181.2909,838759.5967800007,1445.9285714285713,28
47,7,21387962.2506,20073416.781799998,1314545.4688000032,2452.035714285714,28
2,3,19464612.387900002,19793073.853800002,-328461.4659000018,3022.6785714285716,28
12,12,21126508.232799996,19614981.9107,1511526.322099997,2884.714285714286,28
44,7,20829982.268,19186193.6479,1643788.6201,2584.6785714285716,28
46,30,16428709.931783894,19006713.890688594,-2578003.9589047013,2990.603714285714,28
5,12,19610984.1235,18808314.298199996,802669.8253000038,2996.4285714285716,28
7,12,23348415.079000007,18804037.543100003,4544377.535900002,3738.8214285714284,28
18,12,16464168.3129808,18619667.4372628,-2155499.1242819973,2807.8903214285715,28
4,3,17274854.743399996,18523939.9734,-1249085.2300000028,2569.285714285714,28
53,3,23471861.6007,18056599.6565,5415261.944199999,2395.1428571428573,27
9,7,19386521.945499998,17604366.7645,1782155.1809999999,1717.607142857143,28
41,7,17930724.80376,17540883.48668,389841.317079999,1245.5357142857142,27
35,12,20150232.1844,17407324.122399997,2742908.0619999995,1960.9642857142858,28
15,12,18459590.4042,17115685.3572,1343905.0470000005,2658.714285714286,28
48,7,18790957.2954,16955428.246199995,1835529.0492000035,2256.0,28
45,7,19058943.018200003,16854490.4667,2204452.551500003,2699.25,28
16,12,16300750.7619,16754908.359000003,-454157.5971000029,2134.1428571428573,27
10,12,19416910.8361,16651895.9196,2765014.916499999,2645.3571428571427,28
34,3,17109154.468999997,16438977.423099997,670177.0459000004,2463.3571428571427,28
37,30,15898867.81150125,16343058.018536547,-444190.20703529683,2506.8818214285716,28
28,30,16449898.89439861,16053403.1576856,396495.7367130088,1671.7394285714286,28
1,12,20083281.60698,15371960.336469999,4711321.270509999,2344.035714285714,28
26,12,14038544.1577,15133080.7854,-1094536.6276999994,1591.75,28
14,3,14449143.7831,15049913.9536,-600770.1705000007,1597.25,28
16,7,14845395.14731,14824038.95477,21356.192540000044,941.4285714285714,27
22,3,15588032.6907,14770002.5556,818030.1350999998,1786.5,28
32,12,14200059.9177,14554243.1508,-354183.2331000002,1757.107142857143,28
10,7,15039268.59611,14059161.5955,980107.0006099993,936.6071428571429,28
6,30,14894320.811129496,13505348.258126594,1388972.5530029,2648.232357142857,28
23,12,13921393.1084,13498222.829,423170.27939999994,2127.5,28
32,7,13208048.47382,13225277.101459999,-17228.627639998245,767.2857142857143,28
1,30,13145954.321166946,13014723.24397323,131231.07719371695,2346.2439678571427,28
54,7,13226710.58501,12838978.3563,387732.228709999,1205.2142857142858,28
18,3,11229200.192899998,12625136.190499999,-1395935.9976,2170.9285714285716,28
5,3,13227483.1259,12459366.958999999,768116.1669000008,1925.4642857142858,28
13,3,12503941.4311,12334411.006700002,169530.42439999775,1615.857142857143,28
42,30,13447323.1751435,12176800.879902503,1270522.2952409983,2421.4750714285715,28
13,7,12408407.4674,11998452.812110001,409954.6552899986,906.7142857142857,28
3,7,12661576.133299999,11762585.0488,898991.0844999976,1995.142857142857,27
30,7,10762651.03368,11418123.06498,-655472.0313000006,701.4642857142857,28
18,30,11661172.9498863,11223412.999598699,437759.9502876005,1783.9321071428571,28
50,7,11907570.598800002,11151924.7474,755645.8514,1843.4285714285713,28
16,3,9807461.17882,11120976.52288,-1313515.34406,1416.1785714285713,27
44,8,11569703.251400003,11065128.335,504574.91640000173,2502.4285714285716,28
35,3,11586583.688499998,10971319.2885,615264.3999999991,1489.7142857142858,28
41,30,12511338.820692603,10885594.868831402,1625743.9518612004,2178.684142857143,27
53,30,10508629.99114191,10778363.118864758,-269733.1277228487,2126.146635714286,27
36,30,10084025.24136508,10734881.75111202,-650856.5097469401,1399.286282142857,27
11,7,10739449.399099998,10503975.459300002,235473.93979999685,1873.0714285714287,28
48,30,12600532.0033931,10418557.451982202,2181974.5514108986,2139.885892857143,28
38,30,10226581.653776,10222764.2654069,3817.3883691001392,2094.617964285714,28
32,3,10196732.42085,10173899.06099,22833.359859998527,1107.857142857143,28
46,8,10728441.696,10018716.2741,709725.4219000004,1609.2142857142858,28
43,30,9854493.13672778,9975814.48007375,-121321.34334596986,1367.50135,28
52,7,9131105.6447,9803657.3524,-672551.7076999986,1683.1785714285713,28
12,3,10178897.860299999,9750380.2125,428517.6477999995,1643.0,28
4,30,11284836.938428719,9634796.315337028,1650040.6230916905,2315.913785714286,28
1,3,11315771.35579,9589692.446999999,1726078.9087900026,2041.1785714285713,28
28,7,9309206.93747,9406543.6199,-97336.68243000054,1236.0714285714287,28
50,30,10067787.401567668,9390790.444732891,676996.9568347766,2245.024960714286,28
2,30,9379307.59693537,8808500.357425567,570807.2395098022,2381.8720785714286,28
49,8,7774411.519400001,8522605.649400003,-748194.1300000023,2128.6785714285716,28
6,7,8411764.571,7830269.285599999,581495.2854000013,1286.75,28
10,3,7716191.0607,7601413.6046,114777.45609999995,1399.1785714285713,28
47,8,7788501.3012999995,7560139.068899999,228362.23240000027,2115.8928571428573,28
45,8,7917692.369000001,7393511.430799999,524180.9382000017,2227.464285714286,28
17,7,7456226.76565,7339204.34975,117022.41589999996,1206.142857142857,28
51,8,7592520.216300001,7146651.389400001,445868.82690000057,1614.9642857142858,28
15,3,8013392.9725,7040430.059699999,972962.9128000004,1675.7857142857142,28
51,28,9248371.58745245,6784089.057820559,2464282.5296318927,1000.9438928571428,5
21,30,7111001.79517588,6705010.125646686,405991.6695291935,1438.0177546428572,28
23,3,7043083.8329,6585811.361099999,457272.47180000047,1498.4285714285713,28
11,30,8111124.294695819,6397372.101546579,1713752.1931492398,1522.154925,28
29,30,6001231.61178076,6254614.528799439,-253382.91701867915,1254.6466428571428,28
31,30,5432596.02542513,6063939.309215692,-631343.2837905628,1417.8035035714286,28
49,7,7356564.2493,5973220.3974,1383343.8519000001,1848.642857142857,28
26,3,5626057.93152,5822943.330800001,-196885.39927999998,989.3928571428571,28
39,30,6368072.086626527,5810855.107313898,557216.9793126287,1730.8546107142859,28
28,8,5712785.419740001,5632767.55398,80017.86576000034,905.5714285714286,28
51,7,5276749.9109,5513669.656599999,-236919.74569999936,1466.2142857142858,28
22,7,5907818.42538,5426061.7467600005,481756.6786199999,783.6428571428571,28
33,30,5430439.775788031,5339410.74950242,91029.02628561092,1334.3103964285713,28
17,30,5262135.015962423,5304091.975869751,-41956.95990732861,1453.9885,28
9,30,5824254.1663769,5298971.8897715015,525282.2766053986,1586.3026071428571,28
44,5,5781785.356070702,5254913.0561150005,526872.299955701,1621.0701428571429,13
3,8,4767064.2403,5232246.133399999,-465181.89309999923,2077.8928571428573,27
19,7,5313915.28817,5171946.978060001,141968.31010999967,977.5714285714286,28
29,7,4826310.790320001,5101077.88197,-274767.09164999996,997.3571428571429,28
48,24,5176532.346810449,4823329.30499515,353203.0418152989,990.9667857142857,5
45,24,5226429.653403264,4771237.630315794,455192.02308747004,1250.9161939285714,6
11,5,4773182.14428,4744553.52867,28628.615609999535,708.8214285714286,28
34,7,4928955.694060001,4731021.06032,197934.63374000014,895.0357142857143,28
52,8,5054601.62137,4724585.97258,330015.64878999995,1202.607142857143,28
24,7,5338926.36138,4634458.37479,704467.9865899998,1113.107142857143,28
5,30,5376790.157283489,4630049.82509463,746740.3321888589,1607.8405,28
23,24,4183014.6794051277,4544773.352969192,-361758.67356406496,630.7245696428571,5
47,28,4488531.11887569,4503695.547335001,-15164.428459310497,1190.7457892857144,8
41,25,4622010.23654,4378727.90098,243282.3355599997,464.10714285714283,27
33,7,3987965.60347,4325150.91652,-337185.3130500008,1015.1071428571429,28
40,30,4759510.36667206,4316579.7751643,442930.5915077612,1231.7984642857143,28
27,8,4338411.80597,4250279.93202,88131.87394999994,1026.142857142857,28
48,25,4365683.18773,4129409.63344,236273.55429000052,880.5357142857143,28
48,8,4540314.98211,3883622.7390200007,656692.2430899995,1306.75,28
36,7,3336132.4701300003,3815407.47862,-479275.00848999975,892.6428571428571,27
24,8,4213734.0156,3784136.0932,429597.9224,1268.142857142857,28
49,5,3917301.3773646946,3747221.3332351106,170080.0441295838,1163.9152474999999,13
39,10,2471943.64297,3736127.0248499997,-1264183.3818799995,485.14285714285717,28
43,7,3730812.9924499993,3685899.4065199997,44913.585929999535,1250.607142857143,28
23,30,2985767.5410854598,3681795.07986096,-696027.5387755003,1189.796607142857,28
15,7,3808813.8380099996,3619353.40571,189460.4322999998,911.5,28
27,7,3627488.61408,3533656.74071,93831.87337000006,906.4285714285714,28
25,8,3477333.3721000003,3282905.80485,194427.5672500002,633.7857142857143,28
46,24,3162482.2419801797,3275221.0540811582,-112738.81210097858,1118.9966132142858,4
8,8,3768319.2826000005,3261593.7198000005,506725.5627999999,1407.8214285714287,27
5,7,3666256.54502,3230480.55867,435775.98634999985,906.1071428571429,28
20,30,3688202.2630019016,3179838.460525394,508363.8024765077,1106.384315357143,28
45,28,3447673.6702831383,3177943.6286582486,269730.0416248895,1341.1873535714287,4
29,8,2965303.87235,3059219.74676,-93915.8744100002,738.7857142857143,28
8,7,3564996.2248,3041239.0463000005,523757.17849999905,1219.892857142857,27
29,5,2583631.42748,3008137.96262,-424506.53514,686.25,28
47,5,3320341.8879338,2933241.8569309996,387100.0310028002,1167.421607142857,13
53,7,3137762.36327,2882832.38692,254929.97635000016,1025.892857142857,27
3,28,3323290.6383718704,2834269.58097364,489021.05739823024,1169.9817500000001,4
37,7,3285881.7136000004,2830664.3199699996,455217.3936300007,920.8214285714286,28
40,18,2793476.31501,2812003.0414699996,-18526.726459999714,458.64285714285717,28
22,30,2990451.1110595297,2743965.33966063,246485.7713988998,533.6568571428571,28
7,8,3570912.6159999995,2737194.2307999996,833718.3852,1238.6785714285713,28
52,5,2823788.789611935,2736025.4823475215,87763.30726441383,876.5271060714285,13
50,8,2521491.009780001,2671454.38083,-149963.37104999946,1127.4285714285713,28
47,24,2974994.7550176694,2668759.2201360497,306235.5348816198,984.3075321428571,5
45,5,2551817.575501509,2649657.9926421,-97840.41714059093,1222.6595357142855,13
48,28,3044381.577094888,2584925.151541715,459456.4255531727,923.0232539285714,7
44,28,2854938.6438426706,2583560.929270169,271377.7145725012,1224.6146785714286,4
49,28,3071831.4073404516,2509835.8021964864,561995.605143965,1028.146147857143,6
4,7,2292260.7654500003,2454452.71978,-162191.95433000007,808.3214285714286,28
7,7,3172026.6533,2448281.73884,723744.91446,995.25,28
20,9,2222847.52587527,2420883.20372735,-198035.67785207997,709.2759285714285,28
44,18,2261098.2478,2356683.21221,-95584.96441,762.9285714285714,28
3,5,2092717.2512831194,2306634.2909206995,-213917.03963758008,1197.3034642857144,13
46,5,2265817.83045,2301593.78493,-35775.95447999981,925.7857142857143,13
2,24,2167783.8274014676,2231850.0391890584,-64066.21178759106,529.9760699999999,7
51,5,2458998.2544364096,2229509.7938633156,229488.46057309408,886.1003917857142,13
38,25,2098626.79921,2188097.54075,-89470.74154000002,446.4642857142857,28
46,28,2140422.2991774296,2124019.8833986293,16402.415778800674,843.0782857142857,6
43,8,1883252.8361399998,2106057.39925,-222804.56311000016,703.1428571428571,28
11,24,1856189.5965490898,2099426.4411094347,-243236.84456034502,668.6023239285714,5
17,8,2185764.29423,2021362.3409300002,164401.95330000005,739.7857142857143,28
38,8,1764845.6925700002,1990449.54142,-225603.8488499997,784.75,28
25,7,2042089.93459,1966225.71583,75864.2187600001,487.07142857142856,28
28,5,1938856.82326,1951534.11258,-12677.289320000047,652.8928571428571,28
2,7,1748345.4697599998,1950359.5519600003,-202014.08220000032,872.6785714285714,28
25,22,2005029.261918,1935784.474428,69244.78748999994,272.7857142857143,28
30,30,1224113.0780828155,1897986.0827836597,-673873.0047008441,601.8298564285715,28
11,10,1888591.9142399998,1872300.4672,16291.44703999989,308.0357142857143,28
46,18,1868830.79219,1869296.96586,-466.1736700001693,692.9285714285714,28
45,25,1929840.35987,1856264.08389,73576.27598000018,793.5714285714286,28
46,9,1993489.9585102499,1818520.24864441,174969.70986583992,851.8283928571428,28
6,8,2111782.7505499995,1797632.0392599995,314150.71128999995,971.2142857142857,28
45,31,1720280.160321,1762020.741439,-41740.581117999915,397.2142857142857,22
37,8,1885416.9027899997,1744843.8979800001,140573.00480999975,833.0357142857143,28
27,5,1856473.8411470568,1734010.5554082636,122463.28573879332,645.8187864285713,13
44,24,1942555.104554824,1711478.3927016782,231076.71185314577,950.6636060714285,4
26,30,1422277.5564031552,1692388.5413010418,-270110.98489788675,544.1743196428572,26
34,5,1812472.04905,1684759.85848,127712.19056999996,672.8928571428571,28
42,8,1596736.88722,1680320.1128500002,-83583.22563000016,819.2142857142857,28
48,18,1877368.73368,1669673.2615800002,207695.47209999996,661.5,28
47,18,2078964.7918,1667413.56378,411551.2280199999,694.5714285714286,28
48,5,1641960.0806299997,1619444.10532,22515.975309999656,841.4285714285714,13
47,25,1522890.33432,1616356.3012299996,-93465.96690999977,771.3214285714286,28
50,24,1656018.5483632598,1612951.9456272898,43066.60273596995,609.7220714285714,4
4,24,1627692.2398935955,1604837.223611747,22855.01628184847,401.01928714285714,4
24,5,1626872.6155920099,1587981.4149856197,38891.20060639001,736.8152142857143,13
34,30,1891576.6271134398,1545069.14376668,346507.4833467599,684.0084285714286,28
36,5,1474759.3710100001,1541478.4847900001,-66719.11377999981,527.0714285714286,27
18,8,1557502.8931200001,1524533.99089,32968.9022300001,616.6428571428571,28
44,25,1606574.4318000001,1515130.7498400002,91443.68196000016,634.0357142857143,28
21,8,1444946.4193799999,1500975.4866199999,-56029.067240000084,643.1428571428571,28
47,31,1529064.34136552,1476748.8269948,52315.51437071988,300.64285714285717,19
46,25,1463584.31319,1453484.7807600005,10099.532429999545,793.2142857142857,28
15,30,1496177.2338204,1423882.78738863,72294.44643176999,637.2666428571429,28
20,8,1672975.34898,1414884.40128,258090.9477,775.0,28
42,7,1229103.1649500001,1392576.26268,-163473.09772999983,736.5714285714286,28
50,18,1496199.93547,1382532.39397,113667.5414999999,487.92857142857144,28
9,8,1699961.9050999999,1339401.4775699999,360560.4275300001,798.6785714285714,28
39,5,1290932.3907599999,1337775.9461400001,-46843.555380000194,678.2857142857143,28
18,7,1342092.15436,1322367.0779300001,19725.076430000077,612.2857142857143,28
20,5,1232937.68795,1307570.92984,-74633.24189000006,524.6785714285714,28
43,5,1425495.31096,1298433.57396,127061.73699999995,594.3214285714286,28
2,8,1296147.6736500002,1279459.3033099999,16688.370340000438,821.7857142857143,28
36,8,1373896.83473,1274337.95123,99558.88350000014,606.1428571428571,27
4,8,1385804.18108,1266863.95713,118940.2239500001,743.2857142857143,28
40,8,1841303.84412,1263852.7269300001,577451.1171899999,663.75,28
49,24,1523112.1431083828,1260926.4346899434,262185.7084184393,843.4261771428571,5
47,9,1296637.4362059599,1258922.7552264899,37714.68097947008,688.7923928571428,28
34,8,1388564.84896,1245708.54922,142856.29974000016,627.0,28
45,18,1407836.40803,1236848.4488600001,170987.95916999978,719.75,28
1,7,1080800.73785,1218000.21163,-137199.4737800002,618.5,28
11,28,1161808.7095511153,1209160.3938660724,-47351.68431495706,433.39524892857145,5
39,8,1577631.84264,1206142.6240200002,371489.2186199997,640.6071428571429,28
1,8,1222186.0551,1186968.50345,35217.55165000005,636.5714285714286,28
51,24,1503817.6635978397,1185837.1944141414,317980.46918369824,680.7291425000001,4
46,31,931488.2848853001,1184743.0727423,-253254.7878569999,247.46428571428572,20
8,5,1134940.8755945803,1170887.75868341,-35946.88308882966,803.7198928571428,12
41,8,1367924.7745200002,1158112.97482,209811.79970000027,733.25,27
25,5,1212470.0417046703,1152208.8306062901,60261.211098379994,410.98967857142856,13
48,9,1387282.9772596704,1130265.5330749596,257017.4441847107,673.9689999999999,28
19,30,999023.2568431302,1122482.2376550902,-123458.9808119599,479.76771428571425,28
35,7,1178686.15744,1112161.8370200002,66524.32041999987,465.67857142857144,28
3,24,1389404.2288042393,1102019.9557302292,287384.27307401004,790.6535739285715,6
52,11,1083497.0985244198,1084923.0450922898,-1425.9465678700376,357.7359285714286,28
44,31,914476.0403856,1078851.9274865,-164375.88710090006,227.75,21
28,25,1047820.32212,1072844.12958,-25023.80746000001,316.2142857142857,28
48,31,887146.93629238,1063133.9967363002,-175987.06044392014,227.14285714285714,20
31,8,1160089.0364799998,1041924.73266,118164.30381999983,702.3571428571429,28
33,10,988913.145958,1036346.9381599999,-47433.79220200001,198.53571428571428,28
54,30,1260802.28092542,1025892.7929447197,234909.48798070048,673.4165714285715,28
50,5,1155685.14970282,1017070.2478987001,138614.90180411996,594.1345,13
45,9,1241675.9032027398,1015297.5899872399,226378.31321549995,738.2978928571429,28
11,18,970277.98675,992866.3813599999,-22588.394609999898,488.42857142857144,28
17,9,1070570.20917,990592.9665099999,79977.24265999997,513.3571428571429,28
7,28,1100667.3908432736,989321.5297750124,111345.8610682612,637.3157864285714,4
20,24,885528.3341645243,968667.2987984621,-83138.96463393787,385.28225107142856,4
50,25,976710.757,960173.51733,16537.239670000046,571.7142857142857,28
8,28,944294.0414121556,955742.804591892,-11448.763179736437,627.648535,4
24,28,996386.7859199138,954719.5787690408,41667.20715087308,554.5514274999999,5
52,28,993060.3167051869,950702.639024896,42357.67768029094,516.7846746428571,5
11,8,824854.16743,942662.1840700001,-117808.01664000006,649.6071428571429,28
31,5,1008558.55143,942180.10942,66378.44200999988,578.7142857142857,28
49,25,1028241.6165799997,938595.8656000001,89645.75097999968,550.9642857142857,28
23,7,926736.7527399998,885837.2725100002,40899.48022999971,542.5,28
37,5,944787.7902655725,885258.2836305454,59529.5066350271,499.183285,13
44,9,1010390.629437402,866879.3997540254,143511.22968337662,572.4107849999999,28
28,9,870179.76970806,862944.6269982599,7235.142709800051,377.58314285714283,28
21,10,877075.55624,855763.47134,21312.08489999992,286.7142857142857,28
44,11,831757.6355728101,852514.6825287,-20757.046955889942,460.4436785714286,28
1,24,855925.2145063393,848023.2663345367,7901.948171802507,308.26196357142857,4
50,31,547872.84592128,841854.6867323001,-293981.8408110201,224.0,19
20,28,841464.8126902559,823554.7800731005,17910.032617155535,360.9133221428571,13
16,30,979810.19740588,810141.9453524201,169668.25205345984,563.034,27
18,5,890252.34833,806335.7772100001,83916.57111999985,566.5,28
35,30,758322.5606115152,804712.6671325364,-46390.106521021225,405.2088207142857,28
8,24,898273.8526824136,791665.5489940481,106608.30368836557,472.10796500000004,6
6,24,759712.6588942428,782338.47432832,-22625.815434077194,487.19678321428574,4
26,7,847757.3118,779686.2579300001,68071.05386999995,391.2857142857143,28
29,25,736569.9916999999,766553.39798,-29983.406280000054,256.5,28
30,18,726237.273754,765291.87305,-39054.59929600003,183.71428571428572,28
7,5,875148.1832828099,761589.3368362,113558.84644660995,624.1110357142858,13
9,9,902264.7480288001,754228.7349782102,148036.01305058989,547.7004285714286,28
3,18,812958.58097,752736.4727999999,60222.108170000225,548.2142857142857,27
41,22,727201.364271,719304.087944,7897.276326999975,157.10714285714286,26
53,8,805936.9600300001,715319.1581,90617.80193000003,534.8928571428571,27
52,22,747044.87847,715118.08361,31926.794860000038,265.7142857142857,28
44,10,795572.8931400001,713358.3474999999,82214.54564000004,634.6785714285714,4
41,5,676498.8771469699,711919.6389126499,-35420.761765680065,495.0425,14
52,24,793719.8133793588,709332.0194566976,84387.79392266119,528.1916778571428,6
14,30,768222.3494525299,700773.81254835,67448.53690417996,403.69442857142855,28
32,10,684084.350727,695077.533545,-10993.18281799997,217.39285714285714,28
44,22,752875.6628100001,694781.6138800001,58094.04893000007,353.89285714285717,28
52,25,683880.17713,692303.2346199999,-8423.057489999925,370.7857142857143,28
42,5,662828.5791180201,691272.3644004399,-28443.78528241976,463.49546428571426,13
23,8,718793.11945,690923.8133300002,27869.306119999805,489.89285714285717,28
9,25,728823.02508,687348.93172,41474.09335999994,459.32142857142856,28
3,25,697417.66136,686092.1516100001,11325.509749999981,562.2142857142857,27
39,18,679239.66212,676131.59338,3108.0687399999842,344.5,28
6,28,631317.4605366319,674110.0491690466,-42792.588632414816,555.8233217857143,4
11,9,676093.3830958399,668303.23664225,7790.14645358989,515.1670714285714,28
6,5,807024.7456150362,666995.1695695551,140029.57604548114,541.9554992857143,13
40,25,708428.09094,665800.21006,42627.880880000004,319.57142857142856,28
49,18,857174.91564,662129.9083300001,195045.00730999987,517.9285714285714,28
11,25,694361.4662499999,656748.6015199999,37612.86472999996,401.4642857142857,28
7,24,842386.4907145827,656043.0005522743,186343.49016230853,485.53400142857146,4
5,8,719365.30949,652496.2981100001,66869.01137999987,545.5714285714286,28
9,28,670280.5930904557,647161.9632042832,23118.62988617261,427.4157478571429,9
6,18,638912.52751,640470.90217,-1558.3746600000109,354.82142857142856,28
50,28,641504.7458309496,623629.8071280556,17874.938702893985,428.7445707142857,4
20,25,668610.6708900001,617171.0232200001,51439.64767000002,396.2142857142857,28
21,5,728801.0902599999,614451.05525,114350.03500999988,461.60714285714283,28
9,24,596308.5264307171,613883.0027007695,-17574.476270052317,376.21996499999995,4
23,28,602208.3664845738,598967.7560845208,3240.610400053034,321.5241782142857,5
33,18,605880.2669599999,596226.49954,9653.767420000018,232.17857142857142,28
27,28,575834.7680028344,595666.3829254052,-19831.61492257075,410.00692785714284,4
31,24,530344.2159014673,591335.8217689873,-60991.60586752006,399.84043,4
50,9,570358.77651122,587651.9741030401,-17293.197591820077,487.6397142857143,28
48,16,581158.0510549999,584133.341294,-2975.2902390000236,76.14285714285714,28
14,8,609199.10512,574291.8441,34907.261019999976,376.7857142857143,28
38,5,588684.0104936316,573354.3511717919,15329.659321839743,450.3781078571428,13
31,10,553045.049,565793.9411299999,-12748.892129999986,327.7142857142857,28
33,8,485360.48084999993,561137.1623800001,-75776.68153000023,422.82142857142856,28
9,5,574481.75008,557992.3238599999,16489.42622000008,506.07142857142856,28
9,18,535203.8205500001,548320.24216,-13116.421610000034,410.5357142857143,28
17,28,540194.69388226,547650.8382402,-7456.144357939905,379.57714285714286,6
51,25,525689.6517500001,545889.19316,-20199.54140999998,311.07142857142856,28
19,8,565541.1499,539570.85597,25970.293929999993,353.67857142857144,28
12,8,502834.90611,536941.50731,-34106.6012,405.32142857142856,28
49,31,455563.04562849994,536308.5238391301,-80745.47821063004,203.64285714285714,20
2,5,556742.5237692,531996.05472,24746.469049199906,633.7234285714286,13
24,24,544748.6465456543,529165.9940465676,15582.652499086696,426.3650364285714,4
28,18,509249.29720000003,527473.32345,-18224.02624999997,282.67857142857144,28
43,10,480238.51134,524192.01326000004,-43953.501920000024,238.10714285714286,28
22,22,540526.320728,519755.325227,20770.995500999998,105.39285714285714,27
38,18,522186.47569,516832.83892000007,5353.636769999941,348.9642857142857,28
51,18,535056.2153,513725.91573999997,21330.299559999992,353.25,28
10,8,475162.35712000006,512838.03320999997,-37675.67608999994,301.17857142857144,28
45,11,509382.20547929005,510182.3629580901,-800.1574788000329,343.0450714285715,28
40,5,577728.25943,509904.30359,67823.95583999995,441.39285714285717,28
2,28,565291.3344869412,500673.7440347968,64617.59045214443,471.9188578571429,5
25,24,515228.02119192807,496642.15013860905,18585.871053319013,236.99674964285714,5
53,5,476471.29037385486,488610.44598416495,-12139.155610310061,481.07978678571425,13
42,25,502089.55879,486546.07206000003,15543.486729999988,239.92857142857142,28
14,24,504054.6479072957,480550.50473109644,23504.14317619918,259.65425,4
37,25,486509.22956,478508.21884,8001.010720000018,269.35714285714283,28
27,22,487005.382236,471218.19298199995,15787.189254000035,186.21428571428572,28
6,9,486579.24443812994,467875.94915799994,18703.29528013002,349.18014285714287,28
29,9,468404.03897289996,467308.85715769,1095.1818152099786,282.123,28
26,24,482916.77548217,466848.02359678,16068.751885389953,294.34049999999996,6
21,18,453886.68074,455827.22306,-1940.5423200000373,340.89285714285717,28
28,10,451751.69923,453399.57434,-1647.8751099999881,253.21428571428572,28
12,30,426458.6998754164,443371.2505506386,-16912.55067522215,362.4343214285714,28
21,9,464906.10906375997,440926.71686071,23979.392203049974,340.00710714285714,28
49,10,493783.87434999994,437467.1342900001,56316.740059999895,468.2142857142857,4
51,11,443937.79658732994,436991.8518560899,6945.944731240046,275.4948928571429,28
33,28,426690.05381202773,432767.4489128176,-6077.395100789863,221.99896410714285,8
14,9,446327.55091999995,429385.14527,16942.405649999964,260.89285714285717,28
52,18,435089.35793000006,427173.90829999995,7915.449630000077,390.2142857142857,28
53,24,499074.99579946586,427172.1867662488,71902.80903321714,305.7065721428571,5
28,28,401140.98555619374,410860.73456748284,-9719.749011289088,227.12217785714284,10
6,25,401427.88555000006,408409.03806999995,-6981.152519999923,346.4642857142857,28
49,9,470162.0898614601,406841.21286689996,63320.87699456013,449.4106428571428,28
1,28,415664.500788762,404734.96728681657,10929.533501945387,300.85242999999997,4
16,10,402868.78125,394578.354903,8290.426346999991,161.5,27
22,8,421736.65144,394218.4963100001,27518.155129999956,323.42857142857144,28
46,11,387761.24676447,393964.57641851,-6203.329654039996,266.6508928571429,27
49,11,408823.71430686,393183.08731467003,15640.626992189998,340.466,28
39,25,379401.25517,392998.09554,-13596.840369999962,317.42857142857144,28
10,9,371901.3064,390217.88487,-18316.578470000015,263.2857142857143,28
3,11,381351.1130725,387433.06847961,-6081.955407110065,361.0089642857143,27
33,24,373934.2321340274,386641.76316981803,-12707.531035790615,274.9092864285714,6
8,18,391250.04866999993,383859.92225,7390.126419999964,356.57142857142856,27
4,28,412485.75728994864,378265.5304870744,34220.22680287424,391.2799642857143,5
43,9,354505.48475238995,376868.28979039995,-22362.80503800998,294.77964285714285,28
26,8,370441.38346,376527.90247,-6086.5190100000145,249.85714285714286,28
15,8,401528.21525,371110.87453999993,30417.34071000007,331.42857142857144,28
51,10,412322.71891,369095.36817,43227.350740000016,359.5,4
52,9,380951.5087630001,367857.1599632001,13094.348799799998,372.0155357142857,28
4,5,348762.8721918899,364269.43118536007,-15506.558993470127,366.52078571428575,13
29,18,343826.19577,351621.62494999997,-7795.429180000003,249.53571428571428,28
14,25,346535.9682,349392.02361000003,-2856.055409999989,256.0,28
43,25,329230.51308999996,347655.62959,-18425.116500000026,299.35714285714283,28
31,25,330148.09579,344332.50095,-14184.405160000011,277.32142857142856,28
5,5,318541.94875873014,338427.1653409601,-19885.216582229932,343.83553571428575,13
1,5,323837.79766988044,335855.0726178386,-12017.274947958203,320.14843,13
49,22,345559.2350899999,335028.54238999996,10530.692699999983,261.7857142857143,28
27,18,321068.77366,334813.65114000003,-13744.877480000021,249.03571428571428,28
27,25,339625.54259,334313.82951,5311.713079999988,252.14285714285714,28
7,25,353402.16865,333632.30954,19769.859109999998,248.96428571428572,28
25,11,333123.52674699953,333275.99338442524,-152.4666374256883,123.52246435714287,23
19,9,340295.54410999996,330008.61662000004,10286.927489999951,296.4642857142857,28
22,28,356345.31620760344,329955.64680821064,26389.66939939282,162.643571,6
31,18,299002.85961,326398.90121,-27396.04159999999,290.0357142857143,28
41,18,333929.42965999997,326151.01525000005,7778.41440999994,272.25,27
21,25,339668.09546000004,325953.21099,13714.884470000039,301.25,28
47,22,336316.20594,321681.44588,14634.760059999997,224.42857142857142,28
45,22,323754.82899,314723.87192,9030.957070000019,241.75,28
20,18,291216.59334,314555.78294000006,-23339.18960000005,353.32142857142856,28
43,28,307537.86454994,313994.9112439,-6457.046693960035,260.40817857142855,4
3,9,345186.21406859,312305.85967069,32880.35439789999,361.4889285714286,27
13,8,305009.71846,312003.74667,-6994.028209999993,276.42857142857144,28
17,25,295402.01219,310487.85144000006,-15085.839250000083,279.64285714285717,28
36,25,299377.86376,306051.52414999995,-6673.660389999988,220.39285714285714,27
15,9,288927.35640999995,304887.47146000003,-15960.115050000044,258.67857142857144,28
27,9,314432.28537684993,304785.65627701,9646.629099839962,300.3695357142857,28
31,9,308643.92548532,301573.10358441,7070.8219009099985,255.2555357142857,28
24,18,300169.55128,298902.89444,1266.6568400000199,268.07142857142856,28
51,9,292943.95704673,296637.5907576,-3693.6337108700186,262.61885714285717,28
27,24,306400.6822258177,295953.3366671579,10447.345558659785,309.9142139285714,5
5,25,274384.57953,292907.85192,-18523.27238999998,252.25,28
3,10,366632.92501000006,292278.48782,74354.43719000011,494.89285714285717,4
3,22,310956.53268,291712.14429,19244.38839000001,233.25,27
8,25,290680.90742,287240.91225,3439.995170000011,339.14285714285717,27
29,10,282197.32674000005,285497.4775,-3300.150759999957,236.21428571428572,28
44,29,285533.7308010484,283973.0284508222,1560.702350226164,304.71457178571427,0
2,25,255372.24777000002,281590.0151,-26217.767329999984,260.9642857142857,28
54,8,307190.5047,280423.30105,26767.203650000018,267.92857142857144,28
41,24,277402.2089541724,271788.0045474258,5614.20440674659,242.98764321428573,6
47,10,255373.86598000006,267642.97485000006,-12269.108870000016,364.9642857142857,4
9,10,269139.74682999996,264958.69013,4181.0566999999555,209.92857142857142,28
54,9,276264.90489785996,263949.28490250005,12315.61999535996,229.32882142857144,28
48,11,260762.8609556155,263548.33321008907,-2785.4722544735655,205.5265717857143,26
47,11,273699.1894228852,258022.4352340104,15676.754188874787,267.70007214285715,28
5,24,252340.13001062002,257206.09186503995,-4865.96185441992,259.8365,4
27,10,245551.9142,255079.78813,-9527.873929999994,249.53571428571428,4
54,5,309979.62953000003,254069.63236000002,55909.99717000001,249.10714285714286,28
36,18,256990.68291,253621.56677,3369.1161399999874,218.92857142857142,27
37,24,264580.44530362566,249656.4768917297,14923.968411895958,231.80185714285716,4
51,22,257168.34449400002,248022.282085,9146.062408999998,165.92857142857142,28
40,9,255210.55269,247918.14357000004,7292.409119999972,275.2142857142857,28
30,8,282845.50042,247386.56005,35458.94036999999,276.10714285714283,28
8,10,282726.04026000004,246605.45604999998,36120.58421000002,327.64285714285717,4
45,10,249259.41983000006,246440.23989,2819.1799400000455,396.25,4
5,18,264006.39737,244467.59491,19538.802459999984,224.96428571428572,28
19,28,254827.70111548362,243803.9862727985,11023.714842685118,144.16282075,5
24,25,240999.85699999996,241033.2278,-33.370800000040845,281.2857142857143,28
3,29,238008.17439071808,239829.2224791056,-1821.048088387533,250.4251425,0
22,5,244023.999575,238267.875428,5756.124147000013,153.71428571428572,28
16,8,269216.65832,237725.87339,31490.784929999998,263.85714285714283,27
17,5,254841.11495000002,236556.72744999998,18284.387500000033,329.5357142857143,28
38,24,226301.1243034212,235776.95942873618,-9475.835125314996,176.74942892857143,6
28,24,237985.71207318938,235703.7804019145,2281.9316712748778,212.49835642857144,4
10,30,245213.72408547712,235156.15737454558,10057.566710931522,261.9507853571428,28
54,18,236808.93717,235092.84164,1716.0955300000005,234.21428571428572,28
4,25,250878.68947,234484.74272000004,16393.946749999963,249.14285714285714,28
34,25,229583.88012999995,232600.95867000005,-3017.078540000083,259.64285714285717,28
43,18,195199.02980000002,229984.62407999998,-34785.59427999997,260.32142857142856,28
23,5,245651.41711360653,229755.65214880928,15895.764964797243,260.3171782142857,13
24,9,243118.95711516996,228383.23199115996,14735.72512400999,277.56135714285716,28
41,9,250138.28822287027,227042.46887278848,23095.819350081783,229.92407178571426,27
42,24,219420.11490195183,226647.14114581663,-7227.026243864785,248.13317821428572,5
37,18,257722.67333000002,226073.4374,31649.235930000035,244.89285714285714,28
18,9,218172.13997158,225510.58312752005,-7338.443155940026,210.71160714285716,28
53,18,207091.4288,223091.40532999995,-15999.976529999964,232.32142857142858,27
50,13,222667.823991,221969.64756399998,698.1764270000137,129.75,15
35,24,233738.45039240626,221878.11284614843,11860.337546257811,206.4834632142857,5
4,18,223309.76795000004,221275.75601000004,2034.0119400000021,239.64285714285714,28
17,24,206719.86882042058,214432.83670813058,-7712.967887709988,261.85217928571427,4
47,29,216638.974915573,212743.38811108924,3895.5868044837744,236.23042857142858,0
13,30,202477.5148448434,209805.6644299337,-7328.149585090316,197.29153535714286,28
36,24,264498.01972879696,209645.20023362985,54852.81949516711,249.87167964285715,4
36,9,223502.78244999,209309.95823472,14192.824215269997,210.1165,27
4,9,220982.353401736,207550.07512945,13432.278272285997,201.3391785714286,28
13,25,211359.93802,207191.301225,4168.636794999992,190.67857142857142,28
38,22,206366.867608,205737.0944,629.7732079999737,106.32142857142857,28
35,10,222442.443445,205682.536841,16759.906604000003,155.57142857142858,28
43,22,205038.090741,201179.258528,3858.8322129999974,88.67857142857143,27
45,13,209209.80653,200738.149894,8471.656636000009,156.57142857142858,15
25,10,203789.995171,199554.376627,4235.618543999999,137.28571428571428,4
7,11,212031.2557677,198117.40835779,13913.847409910013,224.12592857142857,28
15,25,207555.187,198045.10128,9510.085720000017,187.32142857142858,28
25,28,215982.7724007153,197434.81312613,18547.959274585293,196.81282178571428,4
42,18,191180.79931,195533.48981,-4352.690500000003,215.28571428571428,28
19,25,204944.41668999998,195392.05868,9552.358009999998,191.78571428571428,28
45,29,198262.32702824083,194831.56868726073,3430.7583409800736,259.6368582142857,0
39,28,202492.56152173798,193969.73618576388,8522.825335974127,241.97467928571427,9
33,25,189603.82894,193940.17080000002,-4336.3418599999895,215.46428571428572,28
26,5,196026.79291,193429.68984,2597.1030699999865,221.0,14
18,10,198487.70030000003,193008.09523,5479.605070000014,182.42857142857142,28
17,10,208054.09711,192229.55189999996,15824.545210000035,197.32142857142858,28
26,25,191860.845818,184422.92623600003,7437.919581999995,134.46428571428572,28
32,30,285738.9009934686,184240.10557593495,101498.79541753363,224.0148932142857,28
52,10,186011.40047000002,184082.71963000004,1928.680839999984,230.89285714285714,4
2,18,197073.81248000002,183476.68706,13597.125420000024,261.2857142857143,28
29,28,184322.3847673182,183093.06733204098,1229.317435277223,202.11335749999998,16
37,28,181159.98695930303,181723.01251613983,-563.025556836792,255.78935642857144,6
53,25,188247.54056,181041.68981000007,7205.850749999936,241.82142857142858,27
3,6,178635.04304400002,180018.70127100003,-1383.6582270000167,50.892857142857146,0
5,28,189407.4032225542,179990.2896530711,9417.1135694831,236.6211432142857,6
40,10,191448.59217000002,179961.18029000002,11487.411879999994,186.5,28
49,16,181648.31203600002,179416.105815,2232.2062210000217,68.25,27
35,8,204751.14415,179209.27462,25541.869530000004,184.17857142857142,27
7,10,208662.61686000004,178817.13077000002,29845.48609000003,270.85714285714283,4
8,9,180442.0557919377,178284.52583429948,2157.5299576381985,286.9926789285714,27
38,16,175611.165551,177602.432853,-1991.2673019999977,68.96428571428571,28
43,29,178215.04318891,177543.65156572,671.3916231899864,139.98564285714286,9
36,10,185544.99748,177045.223932,8499.773547999997,140.46428571428572,27
27,11,169645.91060025015,176535.11233782885,-6889.201737578723,147.33750014285715,26
41,11,175378.56028029,174431.5425454,947.0177348900011,147.71482142857144,21
40,28,187063.1925396643,173634.61840356866,13428.574136095618,187.35035714285715,14
19,5,182377.79354,172675.94073,9701.85281000002,181.10714285714286,28
49,29,187695.9868858911,172380.5725348093,15315.414351081781,220.1159639285714,0
5,9,185101.13903121997,171868.17374621998,13232.965285,224.39639285714287,28
53,9,165781.76004210708,169023.08313661287,-3241.3230945057835,232.0686075,27
25,9,161456.483788135,168585.034581135,-7128.550793000015,160.3642142857143,28
14,18,198630.98513,168047.39375,30583.59138,202.89285714285714,28
2,9,179323.9348891,167547.51710923997,11776.417779860034,225.26021428571428,28
34,10,163790.008198,167108.27037500002,-3318.262177000015,124.64285714285714,28
17,18,156910.10789,165323.49617999996,-8413.388289999963,292.2142857142857,28
21,28,158888.54239509781,165305.9160820142,-6417.373686916404,182.40703642857144,14
30,10,161753.41710800002,163761.442867,-2008.0257589999821,147.85714285714286,27
43,24,163275.93485485122,163548.64506012102,-272.71020526979873,221.2315,4
15,18,176794.73945000002,161997.5188,14797.22065000002,215.89285714285714,28
1,25,169567.99391000002,161862.881382,7705.11252800001,151.25,28
41,28,164235.15160405712,160400.7691592469,3834.3824448101946,207.93596321428572,4
24,10,147877.51637,159562.13159,-11684.615220000018,232.85714285714286,4
33,5,158070.28016999998,159531.57909,-1461.2989200000334,231.42857142857142,28
33,9,148836.8554,158088.46709,-9251.611689999983,182.92857142857142,28
12,9,168141.91399,157799.80206000002,10342.111929999986,210.85714285714286,28
34,9,172189.01150062997,156955.21883164,15233.79266898999,226.978,28
29,22,152262.29152,154529.347359,-2267.0558390000087,103.39285714285714,27
42,28,148729.6379378634,153605.5454204858,-4875.90748262243,232.6589635714286,7
53,11,156683.404142678,152800.687009631,3882.717133047,133.74660714285713,22
26,28,152354.8881027869,151906.75587534026,448.132227446667,157.09639289285715,6
48,22,147015.37807,151150.032897,-4134.654826999992,133.21428571428572,28
50,11,152802.70741376566,149598.1007860753,3204.6066276903566,161.62571442857143,27
12,24,138047.7924392103,147525.00661794466,-9477.214178734388,161.32521460714287,4
12,25,150371.4367,146200.589835,4170.84686499999,180.60714285714286,28
7,22,156086.925165,145817.228738,10269.696426999997,175.17857142857142,28
18,18,141416.32593999998,145340.10934999998,-3923.783410000005,189.42857142857142,28
32,8,170851.88308,142504.875772,28347.007308000004,168.46428571428572,28
7,18,189832.73228999999,142150.74839999998,47681.98389,244.42857142857142,28
18,28,149545.39481595697,141827.6890823886,7717.705733568402,191.75785714285715,9
13,9,141546.25942400002,141331.44488,214.8145440000062,168.03571428571428,28
19,18,158761.81819000002,140654.45265000002,18107.365539999988,188.35714285714286,28
10,25,150700.54076,139636.80560999998,11063.73515,178.14285714285714,28
25,18,141177.272374,138944.156373,2233.1160009999894,121.10714285714286,28
10,24,137314.93560811688,138714.10475494998,-1399.169146833108,190.85314428571428,4
39,9,160988.15214628,138421.04866511,22567.103481169997,196.4737857142857,28
7,9,126927.27121554999,137446.91891168,-10519.647696130009,185.55892857142857,28
16,18,130758.55014200002,135704.396992,-4945.846849999979,161.96428571428572,27
22,25,134047.99156999998,134214.39022,-166.3986500000085,159.03571428571428,28
14,5,131614.69084000002,134209.45663,-2594.7657899999995,168.03571428571428,28
44,15,127041.432123,134024.409353,-6982.977230000006,124.0,25
53,28,147928.0336351426,134008.6262538379,13919.407381304702,202.05849964285716,4
54,25,145274.30558999997,133784.31546,11489.990129999966,185.0,28
12,5,122415.24807,133470.27276000002,-11055.024690000011,188.28571428571428,28
34,18,145479.55122999998,132895.33696000002,12584.214269999984,201.57142857142858,28
30,5,117142.79042,130337.41228,-13194.621859999992,165.32142857142858,28
36,11,126930.36134910585,128693.81865421523,-1763.4573051093769,102.78446414285715,17
13,24,121003.47905233045,126421.35625104081,-5417.877198710359,162.4326442857143,4
39,24,119284.31474601557,125680.76342310559,-6396.44867709001,172.77028585714285,4
22,18,117257.07104999998,124348.21755,-7091.146500000015,172.60714285714286,28
18,25,129710.958074,120369.25527000001,9341.702803999993,160.64285714285714,28
1,18,111143.04956599999,116635.86736999999,-5492.817803999997,172.07142857142858,28
31,28,108906.53224221377,116556.59136434832,-7650.059122134562,142.43399914285715,8
10,28,103663.6708540004,116243.08735163684,-12579.41649763644,151.10139253571427,6
6,11,121798.70365267,116182.95919105,5615.744461619995,158.02735714285714,28
36,28,117748.83380307617,114398.35067595245,3350.4831271237235,127.54957110714285,10
53,22,120872.06311799999,114075.39272399999,6796.6703940000125,96.82142857142857,26
12,28,121275.42713309174,113088.79517128255,8186.631961809201,163.55571339285714,10
24,11,127215.01156748999,112430.08789956999,14784.923667919995,174.57975000000002,28
10,18,114611.68235,110927.2239,3684.45845000001,167.42857142857142,28
34,24,109431.1239075706,109603.26560093291,-172.1416933622977,183.86039392857143,4
16,9,113814.69086500001,108803.47465799999,5011.21620700001,165.21428571428572,27
8,22,117104.02461299999,108545.469932,8558.554680999987,146.82142857142858,27
15,5,121473.23397,108466.25748999999,13006.976480000008,157.57142857142858,28
46,22,110291.259322,107810.60926999999,2480.650052000003,135.07142857142858,28
19,24,118526.18078375024,107436.97723695975,11089.203546790495,153.11435592857143,5
22,24,105534.38160208824,107256.27641878484,-1721.8948166966002,112.31628485714285,4
38,28,94907.69889098537,106669.56925832952,-11761.870367344161,135.6423573214286,7
22,9,114456.167491,105205.916926,9250.250564999993,150.5,28
6,16,104611.316439,104998.19867099999,-386.8822319999937,62.035714285714285,26
16,5,84858.06235700002,104819.605825,-19961.54346799998,155.75,27
50,22,96447.67824000001,103493.76032999999,-7046.082089999989,137.03571428571428,28
20,10,107888.049406,102174.813584,5713.235821999999,111.60714285714286,28
52,29,111981.74816451455,101678.95857238614,10302.789592128398,134.60628585714286,0
8,29,105480.16934691906,98743.79032557459,6736.379021344474,150.83046414285715,0
35,5,91893.739188,98336.70559299999,-6442.96640499999,108.46428571428571,27
8,11,96289.74575176649,97515.29816789711,-1225.552416130621,167.04382107142857,26
6,10,103035.15044999999,97054.92748000001,5980.222969999977,183.0,4
25,25,100948.924944,96470.797746,4478.127198000006,115.57142857142857,28
35,22,96926.537322,95879.663143,1046.8741790000001,49.92857142857143,21
8,16,92254.42235299999,94526.52365300001,-2272.101300000006,57.035714285714285,20
21,24,86409.76853039107,93713.6526861499,-7303.8841557588285,123.54085732142858,4
42,9,102925.47080875999,93550.81232650002,9374.65848225997,169.23460714285716,28
14,28,91761.7030740396,93291.44066176748,-1529.7375877278805,90.85803564285713,7
16,25,77108.588685,91962.63951000001,-14854.050825000011,139.82142857142858,27
37,9,100521.86801734022,90932.66813758091,9589.19987975931,154.9573572857143,28
13,5,88573.121494,89841.799484,-1268.677990000001,123.64285714285714,27
34,28,89170.83051167494,88543.91818135124,626.9123303236988,152.67392914285713,9
46,10,87552.07992999999,86779.97992600001,772.1000039999885,157.07142857142858,4
26,18,83709.225278,86640.602748,-2931.377470000002,92.82142857142857,28
46,29,84363.04960619233,86281.47834642463,-1918.428740232289,143.8098222857143,0
9,11,87968.098706434,85104.172665629,2863.9260408050027,110.61749999999999,22
9,31,96740.32906364,85077.248628332,11663.080435308006,87.46428571428571,19
23,25,86879.694415,84673.15789,2206.5365250000045,149.57142857142858,28
32,5,78942.77196499999,82445.208428,-3502.4364630000055,126.96428571428571,28
38,9,82919.03096331398,82103.39344205601,815.6375212579849,145.6455357142857,28
23,18,73734.272385,81419.93178,-7685.659395000011,134.64285714285714,28
44,16,89854.492901,81412.970528,8441.522373000005,123.89285714285714,28
31,11,76433.75255894357,80580.46678501485,-4146.714226071297,92.43032121428573,15
21,22,82828.117916,79799.858142,3028.259774000002,90.75,28
36,22,77029.352817,79507.477671,-2478.124853999997,63.0,25
38,11,83037.30976244599,79391.12923912,3646.180523325996,115.43782142857143,26
41,10,82742.62030000001,79380.937702,3361.682598000009,140.0,4
6,22,87399.010314,77046.967263,10352.043050999995,101.0,28
21,29,73667.1443531522,76885.32021442719,-3218.175861274991,159.87789357142856,12
42,11,76461.45068575001,76336.387699414,125.06298633600397,119.94853571428573,28
15,10,72749.046884,75968.407655,-3219.360771000004,96.21428571428571,28
7,29,80384.86513770306,75395.55030828889,4989.314829414178,129.35321442857142,0
9,29,73303.37649153662,74909.32233892016,-1605.9458473835348,104.26635667857143,17
51,29,81858.24622850263,74592.07767631399,7266.168552188635,128.34128557142859,1
18,24,72460.54088439154,73598.62635613095,-1138.0854717394118,113.30503585714287,4
12,18,68826.20118999999,73550.77605,-4724.574860000006,171.35714285714286,28
1,9,70599.87713799499,73540.98316247799,-2941.1060244830005,123.69160714285715,28
15,24,75249.63642696006,73093.09617414,2156.5402528200652,132.1926425,7
35,9,80903.597877,72442.071564,8461.526312999997,97.42857142857143,28
30,25,74485.15648,71586.499673,2898.6568070000067,91.85714285714286,28
19,22,73888.54001200001,71365.346466,2523.1935460000054,54.892857142857146,20
2,10,63555.581240000014,71329.34812,-7773.766879999984,173.14285714285714,4
17,11,68347.28529532,71152.605420016,-2805.320124696005,110.06871428571428,19
15,28,74119.55930111445,70806.50999243114,3313.0493086833253,113.05442867857143,11
23,9,70313.11014594106,70358.6175568746,-45.507410933541564,126.53471414285715,28
12,10,67008.220727,70340.685563,-3332.4648359999997,64.89285714285714,28
40,24,63029.91425430771,69949.66486503472,-6919.750610727,145.87446392857143,4
21,11,69532.67690868334,68924.4779297876,608.1989788957405,92.53028542857143,22
1,11,71237.35441352312,68859.35476427583,2377.9996492472987,124.90774982142857,25
37,22,71993.827273,68105.376616,3888.4506569999994,112.42857142857143,28
1,10,54972.792982000006,67991.48881000001,-13018.695827999996,130.96428571428572,4
44,13,69302.362071,67141.81698599999,2160.545085000002,97.10714285714286,15
29,24,61562.111413746556,66869.25067486496,-5307.139261118403,124.35596424999999,4
4,22,71819.284626,66654.452667,5164.831958999991,93.57142857142857,28
5,13,71523.438175,66556.904726,4966.533449000001,67.67857142857143,15
11,29,67568.43545307245,65313.22959163336,2255.2058614390967,102.66925007142856,11
30,28,61798.26135110443,65214.92857695484,-3416.6672258504045,113.62246378571429,14
5,11,58918.206031562004,64501.90805811201,-5583.702026550008,95.96803571428572,25
20,11,56207.899287468994,64474.774733251994,-8266.875445782996,91.13107142857143,23
29,11,57563.166327989995,63934.648676193996,-6371.482348204001,86.53914285714286,19
2,11,59830.131261325,63266.16589039,-3436.034629065002,112.90589285714285,27
32,9,68022.118741,61625.382314999995,6396.736426000001,96.14285714285714,28
13,28,62024.99083593429,61481.45440725056,543.5364286837262,98.41546428571428,5
13,18,69288.56741,61243.56283999999,8045.004570000009,142.17857142857142,28
35,18,65623.57274799999,60870.023108999994,4753.549639000005,102.03571428571429,28
47,15,64191.727865,60184.615758,4007.1121069999986,73.28571428571429,26
48,10,67062.53003200001,59029.94572200001,8032.584309999996,125.71428571428571,4
40,11,62337.240225068,58998.70355674499,3338.5366683230036,74.17407142857142,16
4,10,50798.544630000004,58914.137706999994,-8115.593076999985,144.82142857142858,4
2,29,64053.71316015884,57021.33281594067,7032.380344218176,109.65896396428572,0
24,29,62152.52398150315,56914.57895267814,5237.9450288250155,114.03099985714286,0
35,11,51771.06242835891,55962.66062766181,-4191.598199302898,56.18478564285714,13
33,11,57323.453808702,55817.970313526,1505.483495175996,68.74492857142857,14
48,29,56326.87203868423,55559.498023591615,767.3740150926151,100.33071410714285,0
37,11,57080.33052740501,55133.687532596996,1946.6429948080113,115.83307142857143,22
35,25,55793.429209999995,54863.707081,929.7221289999965,85.85714285714286,28
54,29,54768.100557,54607.050007,161.05054999999788,88.75,1
30,9,63586.656006000005,54601.796153999996,8984.859852000005,120.92857142857143,28
43,11,56706.53534166462,54404.68968933868,2301.8456523259356,74.61178557142857,20
18,31,36609.644713350004,53552.2545369,-16942.60982355,29.678571428571427,18
19,13,57469.170109499995,52933.803661,4535.3664485,41.785714285714285,3
28,11,43536.370562863,51959.72499819,-8423.354435327,79.94671428571428,15
50,10,42595.382081,51157.826413,-8562.444331999994,113.14285714285714,4
6,29,49296.11860495644,50721.47140841112,-1425.352803454676,98.83724939285715,0
47,16,49364.281576,49895.529951,-531.248374999998,79.85714285714286,28
45,15,49319.387372,49497.288295,-177.90092300000174,73.71428571428571,19
37,10,58952.047258000006,49389.693938,9562.35332000001,127.78571428571429,4
42,22,51496.331576,49274.15966,2222.1719160000016,72.17857142857143,28
36,15,47785.071005,49013.2163525,-1228.1453475000008,29.857142857142858,19
13,10,50265.557441,47961.588970000004,2303.968470999996,52.42857142857143,28
28,29,46157.89018389382,47849.33418096546,-1691.44399707164,84.37692842857143,8
24,22,51842.869588,47754.775513,4088.0940749999986,88.75,28
10,10,45605.05435,47458.950987,-1853.896637000001,50.214285714285715,28
54,10,46455.608892,46622.68346,-167.07456800000102,68.64285714285714,28
45,32,55098.239839926886,46617.43352001604,8480.806319910842,91.54178567857143,4
41,13,44656.424936999996,45912.631268,-1256.2063309999992,46.5,9
54,22,47550.68635,45700.441798,1850.2445519999983,27.821428571428573,27
2,22,49836.38030699999,45649.395812,4186.984494999996,88.71428571428571,28
1,22,49794.033839,44361.38907899999,5432.644760000005,89.28571428571429,28
26,9,43491.603793564005,44331.49792455,-839.8941309859997,89.59585714285716,28
38,10,37889.249041,43308.857596999995,-5419.60855599999,94.46428571428571,4
3,15,43392.593699,42935.990918,456.6027809999986,59.535714285714285,16
28,22,42421.9073,42745.139,-323.2317000000004,55.464285714285715,28
11,11,40339.9599724468,42489.0758046204,-2149.115832173596,88.22853535714286,19
42,10,43129.378743999994,42296.040597,833.3381469999968,136.39285714285714,4
32,22,44207.41375,42030.204697,2177.2090529999996,34.107142857142854,10
32,24,42890.676302731925,41924.904952578625,965.7713501532999,77.28810714285714,5
20,31,42282.88480138,40750.7249862,1532.1598151799978,34.42857142857143,18
7,16,41432.101151999996,40713.605056,718.4960960000002,31.357142857142858,23
49,13,41980.016815,40618.02942,1361.9873950000008,74.21428571428571,12
14,29,46764.012913,40248.691802,6515.3211109999975,90.67857142857143,8
44,32,44491.035226634136,39803.62503143466,4687.410195199475,96.39421442857143,4
53,29,42664.682484848,39713.543313776,2951.139171071999,69.91842857142856,0
52,13,40426.642524,39577.960849,848.6816750000005,57.214285714285715,14
30,22,37862.957339,38751.578219999996,-888.620880999998,41.214285714285715,11
39,11,39657.335431750005,38526.65206461,1130.6833671400022,74.08089285714286,21
22,10,39536.115093,38333.6756,1202.4394930000026,54.714285714285715,26
40,22,37844.407306,38258.123309,-413.71600300000284,43.035714285714285,21
50,15,37995.283381,37729.642017,265.64136400000007,59.642857142857146,16
32,18,37751.121993,37173.51738700001,577.604606,88.42857142857143,28
50,29,42040.540659379985,37042.70326801796,4997.837391362024,86.96714332142858,0
4,11,33946.954707207005,36637.46515523301,-2690.5104480260034,95.97207142857143,27
18,22,38534.293415,36602.163379000005,1932.1300359999996,55.75,28
23,22,39137.918242,36346.259864,2791.658378000001,55.464285714285715,28
10,5,38748.424296,36326.218727,2422.205569,99.82142857142857,28
3,13,36785.447727,36283.72704400001,501.72068299999427,85.25,10
30,24,33969.20327718275,35859.426665685816,-1890.2233885030719,73.87874992857144,4
45,16,38352.284005999994,35806.470769,2545.8132369999976,84.75,28
53,10,29495.952277,34895.197654,-5399.245376999999,95.53571428571429,3
46,15,33342.443416999995,34683.152751999995,-1340.7093349999982,46.285714285714285,15
34,11,32584.542893982,34491.13238068,-1906.589486697998,70.31042857142857,13
38,29,30807.78993079591,34237.85764949564,-3430.067718699734,84.35832221428572,0
16,28,33141.74125814767,33752.379901210574,-610.638643062902,67.9228927857143,10
18,15,33305.687905499995,33740.683988,-434.99608250000176,25.857142857142858,16
2,16,30642.406103999998,32414.90033,-1772.4942260000016,31.392857142857142,25
23,11,31587.175843638997,32354.533467043,-767.3576234040031,67.71496428571429,21
37,29,36096.213544975064,32233.79211372764,3862.4214312474223,69.8829642142857,0
49,15,31604.597483999998,32046.469739,-441.87225499999965,54.285714285714285,22
22,11,31293.617314519994,31907.896250357997,-614.2789358380005,57.00546428571429,12
49,32,39601.65385646575,31896.278726442706,7705.375130023045,82.26253632142857,4
35,28,32514.673446900448,31415.69922840938,1098.9742184910679,59.03596432142857,12
32,25,37181.470338,31395.119868,5786.3504699999985,77.0,28
20,22,33417.230207,31113.461145,2303.7690619999976,56.57142857142857,28
5,22,34990.213713000005,30496.530434,4493.683279000002,63.75,26
41,16,29994.370601,30490.306457,-495.93585600000034,37.5,0
41,29,31852.147715258736,29985.720638734158,1866.4270765245765,65.95171435714285,0
51,16,28365.196881000003,29245.890037000005,-880.693156,41.714285714285715,28
20,29,31003.12122437624,29006.759568847036,1996.3616555292044,72.38521421428571,6
37,13,28771.739897,28956.053871,-184.31397400000145,60.964285714285715,15
52,15,31728.186891,28798.240823,2929.946068000001,53.464285714285715,21
31,29,29654.002686812,28536.889023408,1117.1136634040001,68.60021428571429,21
52,16,28903.074526,28407.344365,495.7301609999996,49.642857142857146,28
32,28,25873.63569708706,28218.62093951781,-2344.985242430751,60.67035717857143,7
33,22,29088.879466,28018.831003,1070.0484630000005,33.92857142857143,10
1,29,28104.99008096444,28013.44845028951,91.54163067492672,62.300535464285716,0
17,22,27055.581677000002,27298.140504,-242.55882699999898,46.107142857142854,11
14,10,24593.995012,27010.071795,-2416.0767830000013,40.75,25
27,29,29186.621364099698,27006.336552727473,2180.284811372226,82.92799971428572,0
3,32,24843.046472350296,26482.187388756985,-1639.1409164066881,84.47217875,4
18,11,22726.518371715,26103.696307284998,-3377.177935569998,61.03471428571429,21
51,13,27516.685386,26051.520328,1465.165058000001,49.0,11
5,10,27322.163528,25917.746205000003,1404.4173229999979,86.03571428571429,5
40,29,28099.288853000002,25916.297518,2182.9913349999993,60.82142857142857,8
52,20,25341.299680999997,25542.140498,-200.84081700000309,58.142857142857146,5
39,22,27044.165531,25506.49599,1537.6695410000013,55.035714285714285,27
23,16,24893.9645342,25351.0095783,-457.045044100001,16.357142857142858,17
54,28,29023.58025771851,24895.165688917266,4128.414568801243,65.66157117857144,5
29,29,26315.162237068,23972.107520415,2343.054716653002,67.37171428571428,17
4,29,22169.320974338232,23004.887655834922,-835.5666814966903,52.35203567857143,0
37,16,22918.873947999997,21946.998734999997,971.8752129999996,29.571428571428573,21
13,22,22272.75801,21837.314122,435.44388799999757,42.607142857142854,11
15,11,23167.831257619997,21650.920046137,1516.9112114829995,69.22103571428572,14
51,15,22268.747962,21544.540222,724.2077400000005,36.285714285714285,17
42,16,23062.916228200003,21382.509567,1680.4066612000017,23.178571428571427,8
38,15,19670.80397,21064.490302000002,-1393.6863319999995,43.142857142857146,20
51,20,19776.742167,20917.53059,-1140.788423,48.82142857142857,5
30,11,17138.82680791,20812.563835463003,-3673.737027553,51.29835714285714,16
19,10,22013.17922,20476.231276,1536.947944000001,60.17857142857143,28
16,24,22194.879762539575,20420.045486985233,1774.8342755543397,57.42421414285714,4
47,13,17742.0368,20062.684598,-2320.6477979999995,57.17857142857143,6
37,15,20554.10637,19866.158139,687.9482309999999,32.642857142857146,23
48,13,21165.578215999998,19709.689943,1455.8882729999993,50.392857142857146,4
9,22,23645.336397,19614.905819,4030.430577999997,56.464285714285715,26
46,13,17896.372567,19377.473554,-1481.1009870000012,53.25,9
39,29,20002.472685639634,19267.152207231135,735.3204784085021,56.25878578571428,6
44,21,18996.2020154,19082.189522200002,-85.98750680000089,32.535714285714285,15
16,22,19748.142411,18606.282484,1141.8599270000002,32.82142857142857,26
3,20,19190.755248,18461.973532,728.7817159999988,59.714285714285715,4
3,16,16705.946703999998,18386.849197,-1680.902493000001,55.82142857142857,27
12,11,18463.291464871,18129.457705204997,333.8337596660005,41.936142857142855,21
17,29,18491.662538,18102.928528,388.73400999999967,59.535714285714285,5
24,13,18704.123735999998,17941.194745,762.9289909999992,36.32142857142857,10
42,29,22029.70272122216,17616.450910927164,4413.251810294995,56.389214357142855,0
26,11,16970.023607849613,17539.960475933614,-569.9368680840013,35.28092864285714,15
18,29,20124.673441435276,17379.30988857051,2745.3635528647665,56.425535714285715,8
19,16,17893.5062432,17289.3755021,604.1307411000003,19.107142857142858,3
11,13,18163.856649,17168.852103,995.0045459999986,32.857142857142854,6
14,11,14765.177688566775,16848.071781545495,-2082.8940929787213,45.39350014285714,16
27,20,14964.858690000001,16814.987059,-1850.1283690000002,39.25,4
54,15,17247.481374000003,16785.9960723,461.48530170000043,24.392857142857142,20
5,29,18686.718120309,16486.740834465,2199.977285844,58.26060714285715,0
42,15,16240.522568,16142.137179,98.38538899999992,27.5,14
54,24,15421.790449393764,16112.934845408263,-691.1443960144993,55.37928564285715,4
25,29,17334.695219546127,16060.866207936882,1273.8290116092467,41.20564296428571,0
11,22,16767.635254,15992.697057000001,774.9381969999993,42.0,23
2,13,15340.506775999998,15768.33194,-427.82516400000105,48.25,15
46,32,33294.4429314153,15716.250686622416,17578.192244792885,51.782536,4
51,32,31740.64757934656,15414.482576389708,16326.165002956852,49.986142678571426,4
8,13,15995.916602000001,15354.768017999999,641.1485840000013,42.035714285714285,6
8,15,15351.444949,15037.674227,313.7707220000003,39.964285714285715,23
9,15,14421.639748000001,15032.625923,-610.9861749999993,50.17857142857143,22
7,20,14113.317950999999,14813.645092,-700.3271410000003,43.57142857142857,4
48,15,11660.334531999999,14520.613872,-2860.2793399999996,35.357142857142854,21
16,11,14339.180155034033,14275.852495278825,63.32765975520637,37.55857146428571,17
19,11,14879.208967335924,14252.646743850897,626.5622234850271,44.45800007142857,18
33,15,16316.601374,14231.307254,2085.29412,29.785714285714285,16
7,15,14746.810755,14219.324185,527.4865699999995,30.321428571428573,26
45,20,13141.846581000002,13818.750306,-676.9037249999985,39.035714285714285,5
21,15,10568.485979000001,13748.546134,-3180.060155,39.07142857142857,27
47,32,24417.203962120544,13658.932906757385,10758.271055363157,73.45021442857144,4
27,16,13786.152243999999,13505.294437,280.8578069999994,29.428571428571427,18
3,19,14944.562368,13272.590049,1671.9723190000009,44.57142857142857,0
54,11,11928.23533925,12905.29646436,-977.0611251100013,34.955714285714286,12
50,16,12151.746998,12362.541255999999,-210.79425800000013,35.535714285714285,25
24,16,11694.964694999999,12121.836657,-426.8719620000005,32.107142857142854,21
53,16,12860.43723,11835.137238,1025.2999919999995,25.285714285714285,9
24,20,12343.173998,11794.682514,548.4914840000007,38.607142857142854,4
8,32,14468.244717450001,11774.750839568002,2693.4938778820006,41.212607142857145,4
9,16,12289.866280999999,11694.071425,595.7948559999992,41.785714285714285,9
50,6,11452.286923,11567.395177999999,-115.10825499999974,33.42857142857143,0
39,13,11454.385464,11475.139598,-20.754134000000192,31.785714285714285,4
12,22,11965.570518999999,11251.65648,713.9140389999997,40.42857142857143,13
46,27,15068.933471999999,11187.741553,3881.191919,45.67857142857143,1
36,29,13941.750959095001,11186.436576827,2755.314382268,46.129107142857144,14
6,13,10168.689729000002,11115.109478,-946.4197489999988,36.57142857142857,6
26,10,9852.616759,10939.941093,-1087.324334,36.07142857142857,4
28,15,11003.679046000001,10660.086217,343.5928290000001,33.67857142857143,21
34,22,10599.592185999998,10497.210633,102.38155299999818,33.714285714285715,28
23,10,13688.977413999999,10494.649959,3194.3274549999983,50.0,4
42,20,10233.491866999999,10454.140942,-220.6490750000009,38.57142857142857,4
53,15,11243.575176,10453.005169,790.5700069999995,31.25,20
25,20,10512.513533,10419.963521,92.5500119999995,26.607142857142858,6
34,16,9053.220417999999,10413.35831,-1360.1378920000006,38.5,10
36,20,10008.229173,10363.150952,-354.92177900000013,26.5,4
38,13,9431.775602,10362.043416,-930.2678139999999,30.5,3
44,26,13492.824848999999,10182.163981000002,3310.6608679999986,42.107142857142854,0
47,20,9617.11418,10026.487575,-409.37339499999956,30.75,6
48,19,8907.97095,9884.7441818,-976.7732317999998,25.678571428571427,13
8,20,8999.400841,9793.110428,-793.7095869999991,36.214285714285715,4
47,19,8403.239576,9769.6811184,-1366.4415424000001,29.964285714285715,13
8,19,8483.887605,9698.549769,-1214.662164,31.285714285714285,0
11,15,8565.77254,9688.676205,-1122.9036649999998,26.821428571428573,21
12,29,11732.422784,9589.713151,2142.7096330000004,32.357142857142854,12
26,29,9083.977425000001,9566.087048000001,-482.1096229999998,23.714285714285715,0
1,32,13677.004034808091,9561.119135861427,4115.884898946665,25.880392775,4
25,13,10084.618397,9477.852215,606.7661820000002,24.464285714285715,5
7,32,11767.366812228638,9462.62208270204,2304.744729526597,42.138964428571434,4
46,19,9836.926818,9357.367109,479.5597089999992,30.464285714285715,13
7,13,9654.441508,9288.971161000001,365.4703469999994,38.535714285714285,5
34,29,11699.912318644,9287.244808633,2412.667510011,30.913,10
15,29,9896.097451000001,9227.699550000001,668.397901000001,43.57142857142857,12
45,19,8159.1837108,9189.4896402,-1030.3059294,25.928571428571427,13
27,13,8354.32896,9054.516887,-700.187926999999,30.071428571428573,12
49,20,10263.121735,9053.490157,1209.6315780000007,31.642857142857142,5
45,6,8045.366021,9015.251030000001,-969.8850090000004,27.285714285714285,0
44,27,11102.057456999999,8946.443179,2155.6142779999996,38.035714285714285,1
14,22,9329.0248205,8920.594671,408.43014949999963,21.464285714285715,9
13,11,10449.640188000001,8882.586432,1567.0537560000005,33.357142857142854,10
33,29,10479.022526,8842.292682,1636.729844,28.392857142857142,9
34,15,7634.984536,8708.562342000001,-1073.577806000001,31.357142857142858,20
6,15,8053.977871,8525.078339,-471.1004679999998,29.714285714285715,26
26,22,9468.982772000001,8474.708546,994.2742260000003,23.535714285714285,27
42,13,8983.199997,8427.287599,555.9123979999995,33.214285714285715,8
6,32,11155.951915391985,8266.334946427554,2889.616968964431,37.971464392857136,4
26,13,7212.148586,8162.1506541,-950.0020680999999,17.928571428571427,15
23,29,8101.911229369268,8096.450938640309,5.46029072895967,32.888071464285716,0
21,16,6989.3076040000005,7983.159265,-993.8516609999997,31.285714285714285,13
25,15,8484.4669352,7975.5993697,508.8675654999998,20.392857142857142,17
5,15,6471.416711,7900.749861,-1429.3331500000002,30.714285714285715,24
2,32,10419.869694037256,7849.922174079995,2569.94751995726,34.608785821428576,4
3,23,8170.700507,7842.768204000001,327.9323029999996,30.071428571428573,0
49,6,7334.640783,7740.415668000001,-405.7748850000004,26.892857142857142,0
44,19,7541.122154000001,7702.777975,-161.65582099999943,30.607142857142858,13
44,20,7239.399686,7680.469256,-441.0695700000001,28.642857142857142,4
8,21,6781.900477,7671.360404,-889.4599269999999,22.642857142857142,11
1,15,8353.270484,7598.905093,754.3653910000003,22.25,16
25,16,6925.919803499999,7573.079432,-647.159628500001,18.571428571428573,18
44,6,7484.067414,7547.358021,-63.290606999999596,27.892857142857142,1
10,11,6820.391578235,7510.853142428,-690.4615641929995,35.34710714285715,14
31,15,6374.134206,7478.352441,-1104.218235,24.821428571428573,19
41,15,8403.030652,7449.192690599999,953.8379614000005,26.821428571428573,16
5,6,6505.572484,7311.6911505,-806.1186664999998,25.357142857142858,0
45,27,8280.686401,7208.752552000001,1071.9338490000002,31.321428571428573,0
29,15,6933.599067,6999.44205,-65.84298299999995,25.571428571428573,25
39,15,6374.445666,6973.77083,-599.3251640000003,25.714285714285715,19
47,27,8648.86948,6970.391892,1678.4775880000004,32.75,1
40,15,7047.8340689999995,6955.361064,92.47300499999918,29.642857142857142,18
46,26,7127.792353,6824.81587,302.97648300000026,25.642857142857142,0
48,32,10224.7522164399,6760.6481833054895,3464.10403313441,25.04864282142857,4
22,29,8064.673772,6681.623814,1383.0499580000003,30.178571428571427,3
46,20,5923.874770999999,6661.6881428,-737.8133718000008,27.607142857142858,5
16,29,7705.706381999999,6615.369402,1090.3369799999991,35.964285714285715,4
20,15,6684.211378000001,6534.919896,149.29148200000043,22.857142857142858,16
41,19,6271.662811,6512.512011,-240.84919999999966,20.678571428571427,0
10,29,8429.82942,6446.603647,1983.2257729999997,27.464285714285715,11
22,15,6094.4617275,6374.038562,-279.5768345,23.357142857142858,20
23,6,6364.814239400001,6266.686237299999,98.12800209999976,13.714285714285714,0
44,23,6602.638331,6260.263781,342.37455000000006,27.714285714285715,0
49,27,8299.188583,6221.188832,2077.999751,32.214285714285715,0
52,27,8420.679966,6197.024181,2223.6557850000004,27.857142857142858,0
12,6,5712.7887577,6193.027547500001,-480.23878980000035,11.928571428571429,0
45,26,7717.175019,6118.5908615,1598.5841575,25.321428571428573,0
47,6,5152.599649,5939.386466,-786.7868170000004,22.857142857142858,0
35,16,5417.834230099999,5918.706038200001,-500.8718081000011,8.857142857142858,5
48,6,5262.9423375,5881.0122719,-618.0699344000001,19.214285714285715,0
50,32,10706.517215924328,5865.001791742083,4841.515424182246,19.85464292857143,4
23,13,6934.487235,5858.9971715,1075.4900635000001,24.642857142857142,3
27,32,6832.041443937901,5775.739236623113,1056.3022073147872,16.960928553571428,4
2,19,4822.078710000001,5758.078116000001,-935.9994059999999,23.714285714285715,0
30,29,7536.234829000001,5736.318450000001,1799.916379,22.107142857142858,5
15,22,6899.872632,5707.469448,1192.4031839999998,24.464285714285715,20
37,19,6134.871305,5591.919082,542.9522229999998,22.857142857142858,0
41,20,5266.82203,5565.0785635,-298.2565334999999,20.964285714285715,4
4,13,5912.1568529999995,5560.829917,351.3269359999997,28.464285714285715,10
3,27,7315.15737,5494.915135,1820.242235,25.535714285714285,1
28,16,4561.46944,5484.532638,-923.0631979999999,20.428571428571427,10
28,6,4627.092651,5481.8838118,-854.7911607999997,16.785714285714285,0
50,19,6023.1456101,5469.755639,553.3899710999997,18.75,12
46,16,4916.855944,5454.420908,-537.5649639999999,25.785714285714285,14
3,21,5462.1305555,5269.399992000001,192.73056349999968,22.321428571428573,13
17,16,5238.871661,5258.791779,-19.920118000000315,26.321428571428573,4
31,16,4857.321139,5201.495043,-344.17390400000033,21.214285714285715,8
1,13,4639.26431,5199.4119838,-560.1476738000001,20.0,3
31,22,5417.616762,5190.6095156,227.00724639999999,17.857142857142858,21
17,15,4807.968742,5161.9474660000005,-353.97872400000074,23.714285714285715,24
6,19,4835.34029,5131.4629745,-296.1226845000005,25.0,0
4,19,4739.3636595,5022.419406,-283.0557464999998,20.0,1
54,13,4681.5438733,4988.9927256,-307.4488523000003,11.321428571428571,4
50,27,8199.281804,4940.585604,3258.6961999999994,26.0,0
37,20,4921.59733,4931.858982,-10.261652000000034,23.714285714285715,4
14,16,6116.469072,4911.183546,1205.2855259999997,21.571428571428573,3
11,31,5214.212063880001,4855.373438508,358.8386253720002,14.607142857142858,19
43,6,4612.4396375,4847.534958,-235.09532049999999,17.5,0
24,32,7243.657878258545,4844.406059011349,2399.2518192471957,23.968714410714284,4
8,6,4411.896717,4825.0980945,-413.2013774999999,21.0,0
38,19,4369.205004,4807.303616,-438.0986120000002,23.0,0
22,13,5040.9474049,4736.5956451,304.3517598000001,11.607142857142858,4
1,16,5138.948054,4703.190459,435.75759500000015,22.535714285714285,21
4,20,4719.545983999999,4672.918011,46.62797299999965,23.035714285714285,4
8,26,5461.9908335,4669.247539,792.7432944999996,19.821428571428573,0
13,15,4333.1652809,4624.2763165,-291.1110356,17.0,21
48,2,4628.442026,4616.925474,11.516552000000075,22.821428571428573,22
27,6,3986.721484,4608.1613591,-621.4398750999998,17.214285714285715,0
46,2,4646.733948,4591.3938315,55.34011650000001,21.071428571428573,22
47,21,2602.6805869,4557.35509928,-1954.67451238,7.321428571428571,8
24,15,3718.8304445,4520.77494,-801.9444955,20.035714285714285,23
51,26,6183.624489,4504.805787,1678.818702,21.642857142857142,0
19,29,5624.16398,4498.797819,1125.3661610000004,26.321428571428573,0
48,27,6182.546740999999,4453.313902,1729.2328389999996,26.5,2
27,15,4873.982700999999,4439.520153,434.4625479999993,23.714285714285715,18
13,29,5321.20237,4421.214588,899.9877819999998,23.0,2
17,13,4437.381671,4360.9156485,76.46602249999964,18.071428571428573,4
2,20,3585.805584,4347.0514205,-761.2458364999999,17.285714285714285,5
40,6,4314.3219988,4340.5181339,-26.196135099999932,10.857142857142858,0
35,29,5893.9736895,4198.788216,1695.1854735,20.392857142857142,4
11,19,4287.7265377,4162.6610877,125.06544999999967,12.392857142857142,1
24,6,4269.244158500001,4133.702982,135.54117650000023,17.821428571428573,0
43,16,4000.369831,4068.9442950000002,-68.57446400000018,20.642857142857142,3
10,22,4550.1257778,4039.8665778,510.25919999999985,15.142857142857142,12
14,15,3949.6810241999997,4017.7749137,-68.09388950000026,12.785714285714286,19
40,16,4394.784297,3984.504653,410.2796440000001,23.714285714285715,5
47,26,6085.0780885,3901.304091,2183.7739975000004,24.285714285714285,0
14,13,4035.4006007999997,3865.71741896,169.68318183999997,11.071428571428571,4
7,6,3356.324685,3852.904679,-496.57999400000017,18.535714285714285,0
29,16,3281.6170119999997,3851.668791,-570.0517789999999,20.678571428571427,5
4,32,6461.636211245791,3843.6487464641737,2617.9874647816177,25.983535714285715,4
33,6,3212.4372233999998,3826.1062143599997,-613.66899096,9.642857142857142,0
28,13,3451.9842693,3816.3457471,-364.3614778,15.285714285714286,4
49,26,3867.9534089999997,3802.7017934,65.2516155999999,19.928571428571427,0
32,11,3243.780130167,3802.236977656,-558.4568474889999,19.820249999999998,4
1,20,3286.1884059999998,3774.0038274,-487.8154214,18.857142857142858,5
49,23,4269.6026425,3760.661176,508.94146650000016,19.714285714285715,0
13,13,3991.145547,3758.3387024999997,232.80684450000027,16.428571428571427,4
4,15,3519.0486575,3690.0490981,-171.00044060000002,15.464285714285714,21
29,13,3464.0935000000004,3645.8414235,-181.74792349999984,17.964285714285715,4
11,16,4202.00679,3626.8397415,575.1670484999997,21.607142857142858,10
6,6,2911.9900552,3597.1705475,-685.1804923,13.428571428571429,0
45,23,3472.5290955,3548.659644,-76.13054850000002,21.285714285714285,0
2,15,2811.5365189999998,3511.136961,-699.6004420000002,20.392857142857142,18
8,23,3947.0396969999997,3494.2409319999997,452.7987649999999,20.107142857142858,0
12,15,2641.806244,3332.423478,-690.6172339999999,15.071428571428571,16
47,0,2638.550976,3296.9392699,-658.3882938999998,18.25,1
23,15,3237.9837227000003,3279.7352963,-41.751573600000064,13.178571428571429,18
49,19,2520.7199512,3276.2679792,-755.5480279999998,16.0,13
18,16,3753.2524630000003,3211.619183,541.6332800000001,18.821428571428573,10
9,32,4498.053329091898,3202.3698837777665,1295.6834453141319,17.715035696428572,11
43,15,2863.2113067,3191.4799353,-328.26862860000006,17.428571428571427,20
21,13,2669.6955430000003,3186.9760252,-517.2804821999998,17.25,4
20,13,3212.712226,3165.9311181,46.78110789999984,14.285714285714286,4
39,16,3104.89809,3164.650533,-59.75244299999996,18.178571428571427,13
53,13,2384.9132805,3161.787938,-776.8746575,17.321428571428573,8
40,13,3017.7716674,3152.0574216,-134.28575419999993,11.892857142857142,4
19,15,3517.6927956,3150.010454,367.6823416000001,14.178571428571429,18
38,20,3510.130944,3144.6575374999998,365.47340650000007,18.75,4
5,16,4068.348148,3139.954021,928.3941269999998,21.178571428571427,14
25,23,3328.5682014999993,3106.16649201,222.40170948999938,10.392857142857142,0
47,2,2414.1448699999996,3105.638864,-691.493994,21.821428571428573,21
33,16,2915.048536,3076.0046812,-160.95614519999992,17.714285714285715,7
7,19,2544.3652332,3068.3960122,-524.0307789999999,14.821428571428571,0
12,16,3339.16833,3062.9613055000004,276.20702449999965,20.0,1
22,31,5753.2481327549995,3049.390712,2703.8574207550005,2.3214285714285716,6
44,2,2412.692026,3043.444537,-630.7525109999999,17.428571428571427,22
42,19,2864.2158114999997,3023.265581,-159.0497695000001,16.892857142857142,0
46,6,2208.8167335,3014.3826489000003,-805.5659154000002,15.464285714285714,0
48,26,3529.945561,3005.7312426999997,524.2143183000003,18.607142857142858,0
31,13,2754.7898961,2992.8857627,-238.09586660000002,14.75,4
6,20,3392.720981,2991.6314585,401.08952250000004,18.928571428571427,4
44,0,2304.868412,2980.1410735,-675.2726615,16.0,1
48,20,2710.3853297,2977.767903,-267.3825732999999,13.25,5
22,16,2491.8902725000003,2964.6228135,-472.73254099999997,18.607142857142858,11
3,26,3726.1068935000003,2961.0888640000003,765.0180294999998,18.964285714285715,0
18,13,2628.4543233,2955.4161249999997,-326.96180169999997,13.714285714285714,4
15,15,3105.035109,2901.6864432,203.34866580000005,13.785714285714286,20
53,20,3136.1304619000002,2854.21719949,281.91326240999996,14.142857142857142,4
38,31,2765.0395055999998,2849.8606793999998,-84.82117379999997,2.8214285714285716,0
9,13,2894.5049278,2846.7706043999997,47.73432340000021,12.428571428571429,4
11,32,3439.8634956,2843.5094307,596.3540649,10.642857142857142,12
20,16,3116.675141,2815.7391665,300.93597450000004,16.071428571428573,11
15,16,2765.649331,2807.0348799999997,-41.38554900000011,17.785714285714285,4
20,32,4183.653829191285,2737.2364515044605,1446.417377686824,15.326107039285715,11
11,27,2983.645643,2730.3615936,253.2840493999999,15.535714285714286,1
17,31,8598.4748345,2726.184897,5872.2899375,6.642857142857143,6
52,26,3927.758992,2695.6259069999996,1232.1330850000004,16.035714285714285,0
16,15,2482.5996544,2688.55585578,-205.95620137999992,11.785714285714286,15
36,6,2529.0910739,2659.3468417,-130.25576780000017,10.821428571428571,0
8,27,3158.795317,2658.2316180000003,500.563699,19.785714285714285,0
11,6,2701.2233921,2642.881461,58.34193109999998,13.857142857142858,0
2,6,2316.5649589,2639.1964768,-322.6315178999999,12.107142857142858,0
24,26,2826.4597989999997,2628.227894,198.23190499999987,17.035714285714285,0
16,16,1952.6656685,2579.11827215,-626.45260365,13.5,2
5,19,2402.889363,2550.5112639,-147.62190090000004,14.071428571428571,0
7,27,2453.4277896,2541.5137397000003,-88.0859501000001,14.892857142857142,1
38,32,4199.606784344031,2527.510106569567,1672.0966777744638,16.258714285714287,4
1,6,2577.684963,2517.8329687,59.851994299999866,12.642857142857142,0
9,0,1907.3036608,2501.2086399,-593.9049790999998,12.785714285714286,0
24,19,2022.375938,2493.409115,-471.0331770000001,13.107142857142858,0
30,15,2036.5056006,2488.0281785,-451.5225779000001,12.928571428571429,20
9,19,2685.3654736,2467.3976456,217.96782799999983,12.25,0
38,6,2445.7866079,2452.828575,-7.041967099999951,13.357142857142858,0
22,6,2511.2129463,2451.5414259,59.67152039999992,9.142857142857142,0
46,0,2138.8992556,2451.3813492000004,-312.4820936000002,13.178571428571429,0
50,0,1968.6084819,2446.32684352,-477.7183616199999,11.142857142857142,0
24,23,2673.3091487,2437.9398744,235.3692743000002,13.821428571428571,0
7,23,2672.468213,2436.6818964,235.78631660000008,13.178571428571429,0
17,6,2017.4478080000001,2436.4738423,-419.02603429999976,6.821428571428571,0
14,6,2620.7403209999998,2429.2088043,191.5315167000001,9.75,0
52,6,2731.7628294,2422.8439656,308.91886380000005,13.642857142857142,0
1,19,2600.4195138,2405.228261,195.19125279999992,13.678571428571429,0
18,32,3510.008307986301,2395.9801145494284,1114.0281934368727,14.743035732142857,11
19,19,2235.3487391999997,2366.6315302,-131.2827910000001,9.392857142857142,0
49,0,2017.1320632,2358.0472285,-340.9151653000002,12.678571428571429,0
52,0,2315.0305678,2352.8527833,-37.82221549999987,12.5,0
45,2,2410.4846625,2323.3573254999997,87.12733700000035,14.964285714285714,20
37,26,2543.4286382,2311.5138197,231.9148184999999,13.214285714285714,0
50,2,1889.6149540000001,2283.9993475,-394.3843935,14.785714285714286,22
9,6,1892.2344449999998,2274.9645840000003,-382.73013900000024,15.714285714285714,0
51,27,2774.6751753999997,2267.0040791,507.6710962999998,10.821428571428571,1
45,0,2218.941744,2257.171063,-38.229318999999926,17.571428571428573,0
6,21,2234.8663797,2251.3617859,-16.49540619999994,9.821428571428571,15
41,6,1953.9699647,2241.9807295,-288.01076479999983,11.178571428571429,0
47,23,2368.808582,2237.6720308999998,131.13655110000008,15.285714285714286,0
6,27,2723.0434509999995,2235.6660994,487.3773515999998,15.107142857142858,0
17,32,3542.5738646,2231.5682155,1311.0056491,14.714285714285714,11
50,26,2720.5613128,2222.1851141,498.37619869999986,13.892857142857142,0
49,21,2471.0205889,2218.0886301,252.9319587999999,11.0,13
5,21,2001.4831619000001,2175.2036697999997,-173.7205078999998,12.178571428571429,0
23,19,2013.9992849999999,2144.4182476,-130.41896260000004,13.142857142857142,0
41,23,2152.2283992,2135.9576452,16.270753999999947,12.428571428571429,0
21,0,1517.718189,2131.87261265,-614.15442365,11.214285714285714,0
53,0,1803.9514349,2075.1650256000003,-271.21359070000005,9.892857142857142,0
39,20,2009.9999855,2072.764649,-62.764663500000076,15.035714285714286,5
26,15,1272.4044088,2069.2801771,-796.8757683,11.285714285714286,17
24,21,1719.7679959,2055.7181415,-335.95014560000004,10.321428571428571,1
10,15,1647.5001297,2047.4987758999998,-399.9986462,9.892857142857142,17
43,13,2077.7219245,2039.5187294999998,38.203195000000015,10.607142857142858,4
37,32,2392.756250328483,2011.8617749657776,380.8944753627054,12.493357071428573,4
36,13,1607.1357415,2011.6972081000001,-404.5614666000001,8.178571428571429,3
39,32,3330.172571284,2000.6512011094999,1329.5213701745,16.629142857142856,11
18,19,2148.6764232,1995.5179208,153.15850239999995,10.892857142857142,0
3,2,2185.744169,1978.097127,207.64704200000006,15.5,22
29,6,1472.4802042,1973.49567913,-501.01547493000004,11.892857142857142,0
38,23,2062.5712443,1970.7648027,91.80644159999994,12.75,1
21,21,1669.0026103999999,1955.9769279000002,-286.97431750000004,11.214285714285714,0
33,21,1558.7894932,1928.6693477,-369.87985449999996,13.321428571428571,0
52,23,1876.3637356,1921.1794265,-44.81569089999998,11.357142857142858,0
15,31,1973.573852,1900.1613269999998,73.41252499999993,2.4642857142857144,7
42,32,6518.4738620801045,1884.7562853155864,4633.717576764518,15.250035714285714,4
52,21,1797.2282108,1874.7025382,-77.47432739999999,10.892857142857142,0
31,21,1565.5308989999999,1870.55904388,-305.02814488000007,10.571428571428571,1
36,16,1428.0196695,1869.2253288,-441.2056592999999,10.821428571428571,10
15,13,2252.8517862,1833.1916999,419.66008629999993,8.535714285714286,5
32,15,1290.8059437,1823.4084091,-532.6024653999999,9.964285714285714,17
18,6,1525.2048648,1820.9303608999999,-295.7254961,9.071428571428571,0
48,0,1641.3870044,1803.38780575,-162.00080135000007,14.071428571428571,1
12,13,1787.2936323,1800.5605569,-13.266924599999994,9.535714285714286,4
27,26,1713.4086989,1797.4840057000001,-84.07530680000008,10.964285714285714,0
54,16,1267.3783986,1788.59681735,-521.21841875,10.785714285714286,2
39,21,1654.9732227000002,1753.3453283000001,-98.37210559999995,7.5,12
40,27,1754.8230512,1741.0772052,13.745845999999986,10.571428571428571,0
46,23,1462.7521450000002,1740.5740151,-277.82187009999996,11.107142857142858,0
31,6,1394.673801,1732.5416532,-337.8678522,10.285714285714286,1
37,27,2488.8150650000002,1726.0817490000002,762.733316,15.0,0
46,21,1557.6205659,1726.0418319999999,-168.42126610000005,8.964285714285714,14
35,15,1448.5443443,1723.2121506,-274.66780630000005,10.214285714285714,15
41,26,2187.1861272,1683.5107007,503.67542650000007,13.821428571428571,0
51,6,1436.7639602,1679.0527264,-242.28876619999997,9.821428571428571,0
39,0,1174.7440976,1674.5680528999999,-499.8239553,9.571428571428571,1
21,32,1921.0234981,1658.97549456,262.04800354000014,7.678571428571429,11
5,20,1319.6226435,1644.5004008535,-324.8777573535,9.785714285714286,4
13,6,1300.8244041,1641.6783477000001,-340.8539436,7.714285714285714,0
11,21,1516.0470334,1637.3252652,-121.27823180000007,9.857142857142858,3
49,2,1527.7037634,1625.6285883,-97.92482489999998,12.142857142857142,22
43,20,1296.600849,1619.1505951,-322.5497461,8.535714285714286,4
17,0,1667.6263889,1612.4075318599998,55.21885704,8.821428571428571,0
42,6,1363.9871032,1592.1202552,-228.13315200000002,9.857142857142858,1
52,32,2144.784106203249,1584.3744501333938,560.4096560698553,9.257107117857144,4
4,16,1480.3400227,1581.4713393,-101.1313166,12.571428571428571,10
40,32,1749.4744873000002,1548.03248873,201.44199856999998,6.071428571428571,8
38,27,1748.9461206,1542.0872651,206.8588555,10.892857142857142,0
20,0,1098.6164643,1528.96299404,-430.34652974,8.392857142857142,0
1,21,1347.9221459,1521.05615469,-173.1340087899999,6.321428571428571,0
38,21,1552.4192917999999,1519.2799389999998,33.13935280000008,9.821428571428571,0
5,32,1758.2268604543847,1515.6235075479951,242.6033529063895,9.985857114285713,4
27,21,1338.1990526,1515.11774372,-176.91869111999995,9.535714285714286,0
32,29,2687.946591,1493.0264944,1194.9200965999999,11.75,0
28,0,934.8708785,1487.65147936,-552.7806008599999,7.392857142857143,0
13,16,1145.7030172,1482.1201541,-336.41713690000006,9.392857142857142,12
51,23,1559.9694008,1478.9653263,81.00407449999996,11.25,0
50,23,1295.5560195,1471.9526763,-176.39665679999996,9.857142857142858,0
25,6,1471.3486733,1461.36689733,9.98177597000004,7.75,0
34,6,1369.2321529,1452.50237494,-83.27022203999998,8.857142857142858,1
3,0,1215.7107418,1440.9972426,-225.28650079999997,11.857142857142858,0
31,0,904.2049195,1425.24897592,-521.04405642,8.964285714285714,0
53,6,1009.2470495,1391.2525461,-382.00549659999996,8.428571428571429,0
41,21,1281.3858756,1388.6553303599999,-107.26945476000002,9.285714285714286,0
52,19,1135.8973161,1383.5028741,-247.60555800000003,9.035714285714286,0
20,20,1783.2783673000001,1378.9088949999998,404.36947230000004,6.928571428571429,4
29,32,1558.4193342,1373.15555206,185.26378214,7.285714285714286,11
8,2,1158.1060087,1367.792439,-209.68643029999998,10.785714285714286,17
27,27,1264.7819665000002,1357.4985844,-92.71661789999995,9.928571428571429,0
50,20,1160.7721714000002,1353.0331911,-192.2610196999999,9.964285714285714,4
26,16,1352.7530918,1340.8520318,11.90106000000001,10.75,8
35,13,912.017071,1338.6187757,-426.60170469999997,7.714285714285714,5
17,21,1892.7778556,1336.1304956,556.6473600000002,7.321428571428571,7
4,6,1039.5517275,1332.16885016,-292.61712265999995,7.892857142857143,0
20,6,1124.4070232,1318.8537763,-194.44675310000005,8.5,0
26,20,1507.588479,1307.4489258,200.13955320000005,7.857142857142857,3
39,27,1515.8528509999999,1300.3853161,215.46753489999995,10.5,0
24,27,1545.5706254000002,1293.7477681,251.82285730000007,9.964285714285714,0
40,21,873.6209748,1287.899916,-414.27894119999996,8.535714285714286,0
2,26,1549.1108568,1272.2332996,276.87755720000007,8.964285714285714,0
23,32,1303.6148434722172,1268.7703617961404,34.844481676076775,8.202607160714285,4
42,26,1770.9593256,1264.6881375,506.2711881000001,9.428571428571429,0
2,27,1630.0821306,1264.1223398,365.9597907999999,8.535714285714286,0
18,21,866.9756771,1259.43942378,-392.4637466800001,5.392857142857143,12
2,23,1275.0423159,1252.7251328,22.31718309999998,9.75,0
37,23,1197.4534853999999,1238.2409769,-40.78749149999999,9.892857142857142,0
7,21,1215.3464414999999,1235.7166012,-20.370159700000087,8.607142857142858,11
30,16,780.1557786999999,1228.1464336,-447.99065490000004,9.071428571428571,2
9,21,1047.2395633,1227.5697008,-180.33013749999998,7.285714285714286,14
27,19,1352.1600261,1226.02419764,126.13582846000011,7.071428571428571,0
6,0,891.6029973999999,1205.86231238,-314.25931498,7.714285714285714,0
41,0,834.6869657999999,1199.37475298,-364.68778718,7.964285714285714,1
31,20,1119.1965813,1196.8086905,-77.61210920000002,6.607142857142857,4
6,26,1112.7985751,1178.9266043,-66.12802920000001,9.857142857142858,0
25,27,983.7265187,1167.0103159,-183.28379719999998,7.178571428571429,0
42,23,1385.7480523,1157.6320638,228.11598849999996,10.357142857142858,0
41,32,1417.0499517636001,1149.8513881894,267.1985635742001,7.335214285714286,3
5,23,961.6320851,1147.0377813,-185.4056962,7.5,0
4,27,1218.5517989,1141.3188857,77.23291319999996,9.75,0
29,0,811.3598869,1141.0011992500001,-329.64131235,6.821428571428571,0
12,19,716.4815768,1138.4274818,-421.945905,7.571428571428571,0
15,19,909.3135593,1118.486443852,-209.17288455200006,8.464285714285714,1
17,27,1512.9957124,1107.3350435,405.66066889999996,9.071428571428571,0
43,0,795.397653,1101.2972485,-305.89959550000003,6.464285714285714,1
52,2,562.0544593,1101.1511668,-539.0967075000001,9.0,22
34,13,949.0747197000001,1099.0874021,-150.0126823999999,7.75,4
27,0,789.4130675,1098.6667965,-309.253729,7.25,0
29,20,808.9716976999999,1097.36637718,-288.39467948000004,6.821428571428571,5
2,0,735.1203412,1069.2116613,-334.0913201,7.392857142857143,0
51,0,766.0468172999999,1068.192755,-302.14593770000005,8.321428571428571,0
21,6,1001.2369933,1065.76327672,-64.52628341999994,7.535714285714286,0
42,27,1588.1908837,1064.3824464,523.8084373,9.142857142857142,0
2,2,680.5133841,1061.5667481,-381.053364,7.785714285714286,19
28,20,863.7520753,1057.3422648,-193.59018949999998,6.0,3
9,26,963.2788467,1054.570383,-91.29153630000002,8.035714285714286,0
53,21,908.5317905,1047.46888596,-138.93709546,8.071428571428571,0
11,0,965.2855188,1043.3852739,-78.09975510000002,8.392857142857142,1
38,2,776.5355033000001,1029.4159604000001,-252.8804571,8.0,20
7,2,455.16314850000003,998.7940742,-543.6309257,5.75,19
12,31,951.1080290000001,987.2920800000002,-36.18405100000005,2.857142857142857,9
33,0,560.8306362,977.93098545,-417.10034925,7.5,0
12,0,536.133123,974.72222636,-438.58910335999997,6.107142857142857,0
10,16,633.0923705,973.7688631999999,-340.6764927,8.142857142857142,3
25,21,714.1714304,965.9329569,-251.7615265,4.892857142857143,0
37,2,531.0349678,964.67985426,-433.64488645999995,7.214285714285714,20
12,27,1027.0375009,961.7385333,65.2989676,7.142857142857143,0
41,2,616.941057,959.0162101,-342.0751530999999,8.428571428571429,20
12,21,3438.7600620000003,945.84595216,2492.91410984,5.285714285714286,13
1,27,1549.5841451,940.7726197,608.8115253999999,8.071428571428571,1
30,13,777.9801941,932.8332988999999,-154.8531048,5.821428571428571,4
52,31,1331.5956808,932.1024117679999,399.49326903199994,5.0,0
7,26,916.9762510999999,929.75905006,-12.782798960000058,7.321428571428571,0
53,27,1307.9293731,924.62784459,383.30152851000014,6.857142857142857,0
51,21,887.7331026,923.20763978,-35.47453717999998,6.392857142857143,0
10,13,817.552817,916.4570199,-98.90420290000002,5.857142857142857,4
13,31,1048.3355064,912.999856,135.33565040000002,2.607142857142857,7
19,0,645.0705558,897.91008264,-252.83952684000002,6.714285714285714,0
53,19,967.577945,893.5408049920001,74.03714000800001,6.142857142857143,1
38,26,1006.9382401,882.0280646,124.91017549999997,8.428571428571429,0
39,6,738.687053,881.4446007,-142.75754769999998,7.071428571428571,0
54,0,627.1041595,876.29670809,-249.19254859,7.0,1
23,27,847.0499615,875.5455499,-28.495588400000017,6.285714285714286,0
4,23,775.411955,872.0739111,-96.66195610000003,7.821428571428571,0
31,27,996.3873202,860.8480872,135.53923299999997,7.178571428571429,0
41,27,1029.6069241,857.5207961,172.08612799999997,8.892857142857142,0
37,6,534.3125169,854.9293343,-320.6168174,7.285714285714286,0
5,27,844.7501532,851.5828729,-6.8327197,7.678571428571429,0
51,2,462.9259994,847.1362783,-384.21027889999993,6.035714285714286,14
43,23,889.4062647000001,844.9377431,44.46852160000005,3.5714285714285716,0
9,2,601.1330774,837.26129988,-236.12822247999998,7.75,16
34,27,778.6833215,835.9449428,-57.26162129999997,6.714285714285714,0
19,6,731.3965048,833.06285074,-101.66634594000001,6.964285714285714,0
5,2,640.4078834999999,828.01192815,-187.60404465000005,6.928571428571429,22
1,23,745.5173578,822.302769629,-76.78541182899998,6.25,0
22,27,677.886932,816.747324256,-138.860392256,6.392857142857143,0
25,32,887.4816725000001,814.19397831,73.28769419000002,5.107142857142857,4
26,6,534.9838515,805.26171914,-270.27786764,6.0,0
39,26,732.2483865,803.1930291,-70.94464260000001,7.464285714285714,0
20,2,508.58760889999996,798.4424822,-289.8548733,5.857142857142857,11
48,23,740.2606959,796.1873441600001,-55.926648260000015,6.75,0
5,0,556.9116814,794.82455776,-237.91287635999998,6.107142857142857,0
9,27,820.9846028999999,766.6387971400001,54.345805759999934,7.821428571428571,1
16,6,628.8585444,763.384407535,-134.525863135,5.571428571428571,1
39,31,731.5027183,762.6049684,-31.10225010000002,4.714285714285714,19
20,27,901.3996553,760.5014517,140.8982036,6.75,0
28,21,554.0086469,755.3017990999999,-201.29315219999995,5.857142857142857,0
4,26,599.9671884,750.6440643999999,-150.676876,6.5,0
31,32,885.7136144,750.21410599,135.49950841,6.214285714285714,11
4,2,543.8914294,731.4238760799999,-187.53244667999994,5.214285714285714,18
7,0,388.3118248,730.6044617,-342.29263690000005,5.607142857142857,0
30,6,549.4255682,729.68644938,-180.26088118,4.75,1
34,20,594.3608393,721.9659877,-127.60514840000002,6.0,4
6,23,610.7113055,717.34348912,-106.63218362000003,7.678571428571429,0
54,6,548.3261912,711.6461161,-163.3199249,4.892857142857143,3
29,21,578.9585382,700.41338494,-121.45484674,5.321428571428571,0
26,0,461.7275234,696.89571973,-235.16819633,4.714285714285714,1
18,27,829.6948912,696.40235648,133.29253472000005,7.321428571428571,0
38,0,512.23763,696.1108381500001,-183.87320814999998,6.214285714285714,0
25,26,530.2018979,681.0816501,-150.87975220000004,5.357142857142857,0
42,21,638.61654886,659.8277208,-21.21117193999996,5.071428571428571,6
36,0,406.0896841,653.87482683,-247.78514273000002,5.142857142857143,0
6,2,462.6154403,640.1893597999999,-177.5739195,6.857142857142857,19
16,0,726.2276096,635.63883084,90.58877876000001,4.857142857142857,1
16,13,612.6478509,614.6769390000001,-2.029088099999992,5.642857142857143,5
44,14,354.9833072,614.49370312,-259.51039592,5.178571428571429,0
22,0,370.9921287,607.9360116,-236.9438829,4.964285714285714,0
54,21,471.29473034,606.51156826,-135.21683792000002,3.9642857142857144,0
15,27,639.3815656,602.0671969,37.31436870000006,5.464285714285714,0
32,16,500.00677479999996,599.0390946606,-99.03231986060001,4.5,0
22,32,647.8540147799999,598.9318003,48.922214479999965,2.5,4
20,21,367.8630351,586.44034644,-218.57731134,4.142857142857143,2
24,2,316.5258318,578.0572394,-261.5314076,4.892857142857143,14
8,0,514.3267213,571.9910565600001,-57.664335260000016,5.107142857142857,0
28,2,337.2874188,568.7028104,-231.4153916,3.607142857142857,11
28,27,493.0099201,568.689196,-75.6792759,4.75,0
39,19,560.7486137999999,567.29429042,-6.545676620000055,5.714285714285714,0
13,27,546.1785756,560.89110305,-14.712527449999975,5.678571428571429,0
34,14,494.4538205,560.167863764,-65.71404326400001,4.357142857142857,0
35,0,649.871668,558.83371818,91.03794982000001,4.25,2
15,32,748.82131268,558.28321636,190.53809632,4.964285714285714,12
28,32,780.11511328,550.11721425,229.99789902999999,3.892857142857143,3
29,27,588.7602766,542.88113217,45.87914443000001,4.892857142857143,0
1,0,390.9106368,541.01145682,-150.10082002000001,5.035714285714286,0
28,26,432.66089780000004,540.87241175,-108.21151394999998,5.25,0
10,6,405.2672843,536.1975671499999,-130.93028284999997,4.678571428571429,0
53,23,511.27667447,529.9161904700001,-18.63951600000002,3.892857142857143,0
19,31,736.787615,526.5781342,210.2094808,2.4642857142857144,9
13,0,453.8227487,522.19374692,-68.37099822,4.892857142857143,1
45,21,460.3282187,517.3473427,-57.019124000000005,4.357142857142857,3
19,32,612.59554413,510.4695597,102.12598442999999,4.5,10
11,2,377.0453501,507.9256797,-130.8803296,4.75,13
53,26,764.3438601,507.39662625,256.9472338500001,5.285714285714286,0
25,2,284.6703008,507.0113183,-222.34101750000002,3.7857142857142856,14
22,21,482.81387620000004,506.38379410000005,-23.569917900000007,4.428571428571429,0
14,32,430.3508599,504.7031467,-74.35228679999999,4.607142857142857,10
9,20,493.39576120000004,503.80031675,-10.404555549999984,5.642857142857143,4
10,31,356.4900495,501.851451,-145.3614015,1.3928571428571428,5
15,6,526.9082675,496.69952916299997,30.208738336999986,2.8214285714285716,0
42,2,294.7481112,495.16749358,-200.41938238,4.785714285714286,19
18,20,285.4449126,487.957744974,-202.512832374,4.678571428571429,3
30,32,600.9014899,481.1307209,119.770769,4.857142857142857,11
18,2,265.7328193,477.02668732,-211.29386802,4.392857142857143,10
21,2,480.3660986,476.77836118,3.587737419999943,4.5,13
32,6,326.28729515,474.1938586,-147.90656345,3.6785714285714284,0
51,19,393.16408839,471.7312759,-78.56718751,2.9642857142857144,0
2,21,384.3036362,469.0997954,-84.7961592,5.071428571428571,9
20,26,378.0316648,466.33436904,-88.30270424,4.285714285714286,0
14,0,337.9062866,465.65974669999997,-127.75346010000001,3.7142857142857144,1
40,0,299.4193606,463.7247977,-164.3054371,3.9642857142857144,0
42,0,288.5269101,458.49480791999997,-169.96789781999996,3.8214285714285716,0
51,31,875.6882656,449.3770743,426.3111913000001,4.0,0
19,27,483.57605259999997,447.81640658,35.75964601999998,5.428571428571429,0
19,21,418.96170670000004,444.420860348,-25.459153648000008,4.25,0
53,32,991.1500932799999,437.7001569,553.4499363799999,4.071428571428571,3
15,0,220.26679285,437.50268082,-217.23588797000002,3.9642857142857144,1
30,21,313.044868,435.8313913,-122.78652329999998,3.4285714285714284,0
12,32,696.8515767700001,434.77948814,262.07208863,3.392857142857143,10
10,19,392.10263616000003,433.8113247,-41.70868853999997,3.6785714285714284,0
14,31,345.29730256,430.56905390000003,-85.27175134000004,1.8214285714285714,7
10,27,367.6361021,423.98650330000004,-56.350401200000015,4.0,0
37,0,344.975353,416.2978526,-71.32249959999999,3.6785714285714284,0
34,0,331.43452913,412.19656658,-80.76203745000001,3.75,0
34,31,527.0963111,407.41679847,119.67951262999998,3.9642857142857144,0
4,0,304.96173880000003,405.40742904,-100.44569023999999,4.428571428571429,0
52,14,334.02494116,402.285581,-68.26063983999997,3.6785714285714284,0
31,26,358.2308643,401.43794528,-43.207080979999965,4.142857142857143,0
23,23,323.2123432,399.89695315,-76.68460995000002,5.285714285714286,0
21,27,495.2802183,399.252131,96.02808730000001,5.642857142857143,0
33,27,302.8060341,397.525208,-94.71917390000002,4.25,0
29,26,529.7097033,394.437345079,135.27235822100002,5.285714285714286,0
25,0,281.3692427,393.88996477,-112.52072206999999,3.7142857142857144,0
21,19,373.95156,393.858656354,-19.907096354000025,4.25,0
43,2,292.8617766,393.75164934,-100.88987274,4.0,13
15,2,263.25035008,392.35296648,-129.1026164,3.892857142857143,4
14,27,425.637189,388.91064620000003,36.726542799999976,4.642857142857143,0
8,14,325.9505463,384.20676469,-58.256218389999994,4.071428571428571,0
50,21,348.0743591,383.31844294,-35.24408383999999,3.2857142857142856,1
35,6,230.0964414,382.9589909,-152.8625495,3.3214285714285716,2
27,23,343.15125046,380.10024698,-36.948996520000016,4.285714285714286,0
30,0,234.9893875,372.28557914,-137.29619164,3.25,0
33,13,314.085926,369.0244526,-54.9385266,3.9642857142857144,4
28,31,301.127666428,365.52633256,-64.39866613200002,3.2142857142857144,0
48,21,256.67554970000003,361.98011072,-105.30456102000001,2.6785714285714284,0
23,26,295.9839251,359.92634868,-63.94242357999998,3.8214285714285716,0
18,0,203.4764964,357.77622191,-154.29972551,3.9285714285714284,0
36,21,337.6696575,357.68532845,-20.015670949999986,3.142857142857143,0
46,14,260.37923457,356.80573781,-96.42650323999999,3.142857142857143,0
34,21,233.6218375,353.107211246,-119.485373746,3.5,0
53,2,254.48867248,351.11021,-96.62153751999998,3.7857142857142856,16
15,21,336.90479369999997,347.25514678,-10.35035308000003,3.75,0
9,23,328.7109868,346.3797699,-17.668783099999985,3.5357142857142856,0
30,27,373.3589566,344.236541778,29.12241482200001,4.642857142857143,0
18,26,321.7244338,339.7135609,-17.9891271,4.25,0
17,23,319.36417963,337.6110195,-18.246839869999988,3.9642857142857144,0
54,32,540.7773162999999,337.0843369,203.69297940000004,2.7857142857142856,8
26,32,227.95492206,335.64524402,-107.69032196,2.6785714285714284,3
34,26,322.5071028,335.507314858,-13.000212058,3.5,0
13,2,232.9130356,332.04959232,-99.13655671999999,4.071428571428571,2
34,32,305.08696257,330.3973777,-25.310415129999992,3.2857142857142856,8
21,20,286.9614848,329.135606,-42.174121199999995,3.5,4
7,14,193.4084066,327.84259712,-134.43419052,2.857142857142857,0
13,21,254.5980375,324.359349783,-69.76131228300002,2.7857142857142856,0
11,26,275.71467334,318.45059089,-42.73591755,2.857142857142857,0
29,2,161.02574280000002,316.144864756,-155.119121956,3.2857142857142856,7
19,2,239.05229076,310.63664556,-71.58435479999999,3.4285714285714284,6
39,23,318.004219572,308.59470857,9.409511001999999,3.8214285714285716,0
23,20,246.32654842,304.61640822,-58.289859799999995,2.75,1
1,26,395.55045336,303.6440701,91.90638326,3.857142857142857,0
27,2,151.570713,302.7551141,-151.1844011,3.142857142857143,19
31,2,158.40931044,297.2720506706,-138.8627402306,2.607142857142857,7
1,2,230.30710554,297.2694936,-66.96238806,3.3214285714285716,16
20,19,170.62393256,288.12691622,-117.50298366000003,2.4642857142857144,0
17,2,231.03728486,287.4304348,-56.39314993999999,3.392857142857143,9
43,26,457.0513252,287.07067525,169.98064995000001,3.7142857142857144,0
23,2,525.32604013,280.903201341,244.42283878900002,1.75,15
40,26,232.8684432,274.73001296,-41.861569759999995,3.4642857142857144,0
3,14,154.0894093,263.6787683,-109.589359,2.857142857142857,0
36,27,275.137468,260.79988224,14.337585760000007,3.5357142857142856,0
40,2,183.7732288,260.3360304,-76.56280160000001,3.0714285714285716,10
24,0,158.67586365,255.9805034,-97.30463975,3.0,0
14,21,204.0807703,255.25525035,-51.17448005,2.9642857142857144,0
5,26,283.8789184,254.77037108,29.108547319999992,3.7142857142857144,0
26,26,214.69677052,254.4015337225,-39.70476320249999,2.9285714285714284,0
32,13,212.53539572,240.1796324,-27.64423667999999,2.0714285714285716,3
43,27,342.6767923,238.96488928,103.71190302,2.8214285714285716,1
33,2,141.02666539999998,238.19974395,-97.17307855,2.4642857142857144,3
40,14,222.9457133,235.82145573,-12.87574242999999,2.607142857142857,0
19,23,238.97406049,225.8391968,13.134863690000003,2.9642857142857144,0
23,21,208.84379444,222.95768742,-14.113892980000017,2.607142857142857,2
14,2,155.758730343,217.4480441,-61.68931375699999,2.5,5
39,2,394.99450142,214.3960013,180.59850011999995,3.25,9
16,21,187.01184268,213.52254232,-26.510699640000006,2.7857142857142856,1
16,27,287.88731938,213.05765204,74.82966734,3.0,1
54,27,199.51416764,206.09046304,-6.5762953999999825,2.25,0
36,26,227.111874022,203.5062515,23.605622521999997,2.8214285714285716,0
10,32,335.59402839999996,198.60931757,136.98471082999998,1.6071428571428572,6
40,23,114.89146696,195.46461586,-80.57314889999999,2.2857142857142856,0
4,21,145.62016015,192.192742625,-46.572582475,2.142857142857143,0
10,2,152.83767348,190.07294285,-37.23526937,2.4285714285714284,9
23,0,177.56789376400002,186.22668843,-8.658794665999993,2.2142857142857144,0
27,14,242.7783469,184.23368779999998,58.54465910000001,2.857142857142857,0
43,31,434.55272132,177.02578907999998,257.52693223999995,2.4285714285714284,0
47,14,118.87778015,175.48822812,-56.610447969999996,2.0357142857142856,0
51,14,139.16340081,173.022508,-33.859107189999996,2.0,0
16,2,133.742429663,172.97067373,-39.228244067,1.5357142857142858,2
22,2,197.24949053,172.06632075,25.18316978,2.642857142857143,3
21,26,272.66985691,171.45693086,101.21292605000001,2.8214285714285716,0
29,31,197.59757926999998,170.39810334999999,27.199475919999998,2.107142857142857,0
39,14,119.11787183000001,169.97282625,-50.85495441999999,1.8214285714285714,0
4,14,125.75331106,169.71542699999998,-43.96211593999999,1.6785714285714286,0
11,20,151.24793643,167.933448626,-16.685512195999998,2.2857142857142856,0
34,2,127.72278091999999,166.37994556,-38.657164640000005,1.9642857142857142,6
22,19,150.2631518,165.72509236,-15.461940559999993,1.25,0
22,23,163.03340172,165.588306313,-2.554904593000007,2.7142857142857144,0
34,23,153.77611785,164.122332346,-10.346214495999998,2.607142857142857,0
17,26,193.23438926,162.96363297,30.270756289999994,2.4642857142857144,0
31,31,211.02375652,161.4614699,49.562286619999995,2.0,1
26,2,798.8818024,158.6247806,640.2570217999998,0.39285714285714285,3
30,26,153.091467458,157.4089593,-4.317491841999995,2.2857142857142856,0
15,23,135.66838378,154.61343056,-18.945046780000002,2.0714285714285716,0
21,23,174.92071109,153.1344065,21.78630459,2.1785714285714284,0
49,14,112.74412914999999,151.02922261999998,-38.28509347,1.7857142857142858,0
54,2,90.57835316,150.84934625,-60.27099309,1.5357142857142858,1
34,19,114.57954032,138.85972714,-24.280186819999994,1.7857142857142858,1
10,21,112.92153949,137.651415692,-24.729876202000003,1.7857142857142858,0
1,14,97.35831658000001,135.89095917,-38.532642589999995,1.6428571428571428,0
27,31,99.4253937,135.56970772,-36.14431402,1.5357142857142858,0
8,31,185.7518842,134.35623280000002,51.39565140000001,1.1071428571428572,0
2,14,75.46631095,132.89146856,-57.42515761000001,1.6071428571428572,0
14,23,132.49368876,129.68868746,2.805001299999997,2.2142857142857144,0
45,14,84.88293159999999,127.58046554,-42.69753394000001,2.0357142857142856,0
13,32,144.0135899,121.61564779999999,22.397942099999998,2.0357142857142856,10
33,26,133.00192755,120.1041585,12.897769049999997,1.8214285714285714,0
32,32,114.76990656000001,118.00163052,-3.2317239599999965,2.2857142857142856,6
37,21,80.93350196,117.60434937,-36.67084741,1.7142857142857142,0
43,21,91.6291422,114.7652856,-23.136143399999998,1.3214285714285714,0
31,23,118.88226665,114.01695956,4.865307089999998,1.6071428571428572,0
18,23,146.60759690999998,111.1756392,35.43195771,2.1785714285714284,0
17,14,71.331730272,108.501359116,-37.169628844,1.6071428571428572,0
13,23,112.00847366,107.85739694,4.151076720000002,1.0357142857142858,0
11,23,165.52359663000001,106.83896419999999,58.68463243000001,2.392857142857143,0
53,14,115.43837425,104.5033663,10.935007949999994,1.6785714285714286,0
37,14,78.932727165,101.71485265,-22.782125485,1.5714285714285714,0
43,32,193.108269254,100.43101159,92.67725766400001,0.9642857142857143,3
35,14,167.37125824,98.3867166,68.98454163999999,0.5,1
28,14,46.29709534,98.33452299,-52.03742765,0.8214285714285714,0
29,23,90.525471218,98.00640118,-7.480929961999999,1.6428571428571428,0
12,2,247.68475289,97.76389153,149.92086136,1.0,6
26,27,90.41302053,96.3827095,-5.96968897,1.5357142857142858,0
25,14,73.3521178033,95.08346807000001,-21.731350266699998,1.25,0
10,0,87.59906392799999,94.6072339,-7.008169972000002,1.3928571428571428,0
36,32,114.89185131,93.876882,21.014969309999998,1.2857142857142858,4
6,14,59.207782130000005,93.7955287,-34.58774657,1.3571428571428572,0
35,27,83.44183041,93.22325646,-9.781426050000002,1.4285714285714286,1
20,23,114.80007734,90.84969356,23.95038378,1.4642857142857142,0
12,26,128.54300909,89.25699781,39.286011280000004,1.75,0
50,14,96.28973110000001,88.1688551,8.120876,1.6071428571428572,0
15,14,78.209276117,87.7802763,-9.571000182999999,1.1071428571428572,0
16,23,109.42801408300001,83.70701070000001,25.721003383,1.6071428571428572,1
16,32,89.30378308,83.53915598,5.764627100000001,1.0,4
19,26,104.952307492,83.1900672,21.762240292,1.4285714285714286,0
31,19,40.756293156,83.05974866,-42.303455504,1.2142857142857142,1
12,23,75.7740609,80.59289532,-4.81883442,1.7142857142857142,0
25,31,82.2963809,80.384177575,1.912203325000001,1.0357142857142858,0
54,23,57.760229939999995,79.97748236,-22.21725242,1.2142857142857142,1
32,0,99.3748171791,78.9349851,20.4398320791,1.5714285714285714,1
3,1,57.13784925,78.8625602,-21.724710950000002,1.1071428571428572,0
14,26,60.880656519999995,78.86022872,-17.979572200000003,1.1785714285714286,0
13,19,85.95098731,78.71358708000001,7.237400229999995,1.5714285714285714,0
3,31,81.74872635,76.61821666,5.130509689999996,1.25,0
28,23,55.8803616,76.58265316,-20.70229156,1.4285714285714286,0
29,14,78.18495345400001,74.8510723,3.333881154000001,1.3928571428571428,0
41,14,71.65515867,74.63000064,-2.9748419700000017,1.5357142857142858,0
14,19,73.5771359531,74.5672311,-0.990095146899999,1.1071428571428572,0
19,14,75.74915507,74.49307176,1.2560833100000006,1.3928571428571428,0
26,21,56.61891806,72.85046647,-16.231548410000002,0.8571428571428571,0
32,2,120.61829019,72.74344622,47.87484397,1.1428571428571428,2
35,32,73.34542253,71.59286066,1.7525618699999983,0.8214285714285714,0
38,14,54.34486516,70.691388936,-16.346523775999998,1.2142857142857142,0
9,14,63.29603007,69.691760322,-6.395730251999997,1.2857142857142858,0
22,26,76.98059993,69.6153104,7.365289530000003,1.3214285714285714,0
33,23,72.250717788,68.52568403000001,3.725033757999995,1.5,0
16,26,96.43331565599999,66.86609164000001,29.567224016,1.0357142857142858,1
36,2,61.4446402,65.333719014,-3.8890788140000008,0.9642857142857143,5
32,27,143.72774434,65.13444113,78.59330321,1.25,1
54,14,49.759030609999996,63.5481899,-13.789159289999999,1.0,0
5,14,69.40618444,61.346046533,8.060137907,1.3571428571428572,0
35,26,77.96059004600001,61.329342000000004,16.63124804600001,1.1071428571428572,1
36,23,53.90043073,59.598334628,-5.697903898000003,1.0,0
5,31,97.79290216,57.882591649999995,39.910310509999995,1.1071428571428572,0
5,1,50.38540863,55.770071200000004,-5.384662569999999,0.42857142857142855,1
24,14,28.086087972,55.2568484,-27.170760428,0.9642857142857143,0
47,17,45.5851021,54.3321274,-8.7470253,0.6785714285714286,0
36,31,86.34134185,53.5564942,32.784847649999996,1.0,0
30,2,50.89341114,51.4497433,-0.55633216,1.0,0
10,26,50.12318507,48.190120379999996,1.9330646899999993,0.8928571428571429,0
22,14,43.89872717,47.6520345,-3.75330733,0.8214285714285714,0
42,14,42.364790986,46.9318123,-4.567021314000001,1.1071428571428572,0
28,17,42.79502783,46.7569827,-3.9619548700000005,0.7857142857142857,0
7,17,28.584227226,46.4688027,-17.884575474000002,0.8214285714285714,0
18,14,44.83241915,45.9694032,-1.1369840499999986,1.0357142857142858,0
30,19,50.17176704,44.59579318,5.575973860000003,0.5,0
35,2,34.28287712,44.2570962,-9.974219079999997,0.6428571428571429,5
45,17,21.88385585,44.22865099,-22.34479514,0.8571428571428571,0
11,14,35.544817975,43.52824149,-7.983423515000002,0.8214285714285714,1
15,26,42.747938680000004,43.3619243,-0.6139856199999991,0.9285714285714286,0
30,23,42.09041131,38.18823402,3.90217729,0.8928571428571429,0
48,14,21.72596004,37.325687,-15.59972696,0.5357142857142857,0
35,23,31.69231522,37.013695,-5.32137978,0.75,0
21,31,47.88932381,34.1716803,13.71764351,0.6428571428571429,0
15,1,32.246251843,34.0881624,-1.8419105569999996,0.8928571428571429,0
19,1,32.48907846,32.83230862,-0.34323016000000006,0.8214285714285714,0
26,31,44.304575,32.7646946,11.5398804,0.6785714285714286,0
33,32,58.121778941,32.74942313,25.372355811000002,0.7857142857142857,7
1,17,28.29102843,32.63208402,-4.34105559,0.5,0
26,14,26.03821581,32.5036403,-6.465424490000001,0.7142857142857143,0
21,14,38.49965401,32.28991766,6.209736349999998,0.6785714285714286,0
33,14,16.33655466,31.0435619,-14.70700724,0.6785714285714286,0
35,21,24.3501063,30.8073223,-6.457216000000001,0.39285714285714285,1
4,1,21.999283820000002,30.472490999999998,-8.47320718,0.42857142857142855,0
17,1,26.80026752,30.246268399999998,-3.44600088,0.7142857142857143,0
21,1,23.03435733,26.18597483,-3.1516175000000004,0.5357142857142857,0
8,1,28.85167788,26.1009818,2.7506960800000013,0.6071428571428571,0
17,19,25.97725359,25.68153848,0.2957151100000017,0.6428571428571429,0
37,17,6.0096728,24.3477888,-18.338116,0.2857142857142857,0
7,31,19.43276204,23.9701662,-4.5374041599999995,0.35714285714285715,0
26,17,10.6389691,23.1255612,-12.486592100000001,0.39285714285714285,0
36,14,21.11703884,22.4719093,-1.3548704599999994,0.4642857142857143,0
51,17,18.540272690000002,22.375238799999998,-3.834966109999999,0.39285714285714285,0
9,1,17.742833400000002,22.261642000000002,-4.518808599999999,0.35714285714285715,0
14,14,14.312031900000001,22.0,-7.687968099999999,0.35714285714285715,0
3,17,7.706715300000001,21.8899952,-14.1832799,0.42857142857142855,0
41,31,23.136160466,21.3868081945,1.7493522714999998,0.6428571428571429,0
27,1,19.45825646,21.1625988,-1.7043423400000002,0.32142857142857145,0
12,14,11.493257830000001,20.49955846,-9.00630063,0.4642857142857143,0
32,26,22.55282586,19.76584656,2.7869792999999996,0.5357142857142857,0
29,1,13.501377940000001,18.49146218,-4.99008424,0.4642857142857143,0
16,14,25.222086366,18.395825900000002,6.826260466000001,0.35714285714285715,1
20,14,17.4254595,18.18765755,-0.7621980499999998,0.5,0
30,1,22.16037542,17.83369907,4.32667635,0.4642857142857143,0
34,1,14.38734954,17.62530606,-3.2379565199999996,0.42857142857142855,0
10,14,13.767285865,17.46304626,-3.695760394999999,0.42857142857142855,0
46,17,15.45354328,17.078695800000002,-1.6251525200000003,0.5,0
12,17,6.7956027599999995,15.5455089,-8.74990614,0.32142857142857145,0
49,17,18.09081807,14.9367701,3.1540479699999993,0.5,0
32,21,16.15181391,14.32041928,1.831394630000001,0.42857142857142855,0
13,26,24.907538318,13.947993748,10.959544569999998,0.5357142857142857,0
16,17,9.0745269,12.825433799999999,-3.7509068999999995,0.2857142857142857,0
32,14,12.81162985,12.54331401,0.26831583999999986,0.32142857142857145,0
21,17,8.54877434,12.3670111,-3.81823676,0.2857142857142857,0
23,14,15.0064104,12.35046492,2.65594548,0.4642857142857143,0
5,17,10.24992568,11.840656599999999,-1.5907309199999986,0.21428571428571427,0
31,14,8.36434346,11.51692237,-3.152578910000001,0.2857142857142857,0
46,4,3.08214971,11.325088000000001,-8.24293829,0.17857142857142858,0
27,17,7.77724965,11.31063555,-3.5333859000000007,0.21428571428571427,0
17,17,7.83791485,10.9169373,-3.07902245,0.25,0
39,1,10.7479746,10.85120156,-0.10322695999999998,0.2857142857142857,0
50,17,4.813527272,10.6524876,-5.838960327999999,0.21428571428571427,0
18,1,15.5236284,10.5349002,4.988728200000001,0.21428571428571427,0
44,17,8.87669233,10.4411155,-1.5644231699999998,0.32142857142857145,0
10,23,9.33655398,10.36194936,-1.02539538,0.39285714285714285,0
33,17,8.86357996,10.32518804,-1.46160808,0.25,0
53,31,14.9971512,10.1176994,4.8794518,0.35714285714285715,0
22,1,8.169108340000001,10.0,-1.8308916599999998,0.21428571428571427,0
23,17,9.30461866,9.64145237,-0.33683370999999995,0.21428571428571427,0
35,17,5.82483359,9.538185,-3.7133514100000005,0.21428571428571427,0
31,1,5.4719455425,9.517278000000001,-4.0453324575,0.21428571428571427,0
52,17,11.000994259999999,9.1403976,1.8605966600000003,0.2857142857142857,0
30,14,8.978404040000001,9.10742158,-0.12901753999999954,0.2857142857142857,0
36,17,4.84533467,8.6093215,-3.7639868299999995,0.17857142857142858,0
48,17,9.10567578,8.1746028,0.9310729800000002,0.21428571428571427,0
25,1,1.8654742,8.09411,-6.228635799999999,0.10714285714285714,0
32,23,9.74259118,8.05725048,1.6853406999999998,0.32142857142857145,0
26,23,6.07873328,7.91421134,-1.8354780599999998,0.21428571428571427,0
40,17,6.4059067,7.6018184600000005,-1.1959117599999998,0.25,0
16,1,8.0,7.1957196,0.8042804,0.21428571428571427,0
30,17,9.953962800000001,7.1840806200000005,2.76988218,0.2857142857142857,0
40,1,2.5794017399999998,7.0329724,-4.4535706600000005,0.14285714285714285,0
7,4,3.27132013,6.81310682,-3.5417866899999995,0.14285714285714285,0
11,17,2.51719846,6.5956052,-4.07840674,0.14285714285714285,0
54,26,5.97308999,6.5500035,-0.5769135099999999,0.14285714285714285,0
25,17,0.23338009999999998,6.1608944,-5.9275143,0.03571428571428571,0
27,4,3.72565464,6.146215262,-2.420560622,0.17857142857142858,0
2,17,5.56552568,6.0,-0.4344743200000001,0.14285714285714285,0
18,17,5.83948614,5.8325011,0.006985040000000109,0.21428571428571427,0
43,14,6.0,5.63993614,0.3600638599999999,0.14285714285714285,0
40,20,3.819161931,5.465108,-1.6459460690000003,0.17857142857142858,0
31,17,0.55829716,5.0663637,-4.50806654,0.10714285714285714,0
15,17,6.1954052,4.9550956,1.2403095999999993,0.17857142857142858,0
14,17,2.54473667,4.85850014,-2.31376347,0.14285714285714285,0
11,1,4.1449717999999995,4.83700992,-0.6920381200000001,0.21428571428571427,0
42,31,3.7763722537,4.6329875000000005,-0.8566152463,0.17857142857142858,0
4,17,2.67602584,4.4515046,-1.7754787600000004,0.14285714285714285,0
26,19,3.0935242499999998,4.1416862000000005,-1.0481619500000001,0.14285714285714285,0
53,17,1.6787909399999998,4.0386143,-2.35982336,0.10714285714285714,0
23,4,4.0,4.0,0.0,0.07142857142857142,0
7,1,1.3980499,3.9910142,-2.5929643,0.07142857142857142,0
34,17,2.9284995,3.5753531,-0.6468535999999998,0.14285714285714285,0
42,17,1.0858193,3.267628,-2.1818087000000004,0.07142857142857142,0
24,1,4.6209902,3.2251519999999996,1.3958382000000005,0.14285714285714285,0
41,17,3.8172682,3.0912114,0.7260567999999998,0.10714285714285714,0
19,17,2.4313730700000002,3.06346272,-0.63208965,0.14285714285714285,0
43,1,3.0,2.01194155,0.98805845,0.10714285714285714,0
32,17,2.0,2.0,0.0,0.07142857142857142,0
10,17,2.0,2.0,0.0,0.07142857142857142,0
30,31,2.0,2.0,0.0,0.07142857142857142,0
43,17,2.28456575,1.99089856,0.29366718999999997,0.10714285714285714,0
35,31,2.0,1.7883098,0.21169020000000005,0.07142857142857142,0
54,17,1.9887729790000002,1.67801562,0.310757359,0.07142857142857142,0
13,14,1.96610693,1.1892823,0.77682463,0.07142857142857142,0
13,17,1.0,1.1565845000000001,-0.15658450000000013,0.03571428571428571,0
6,1,1.0,1.0,0.0,0.03571428571428571,0
45,4,1.0,1.0,0.0,0.03571428571428571,0
41,1,1.0,1.0,0.0,0.03571428571428571,0
8,4,0.61144486,1.0,-0.38855514,0.03571428571428571,0
20,1,0.86978944,1.0,-0.13021055999999998,0.03571428571428571,0
4,4,0.51929563,1.0,-0.48070437,0.03571428571428571,0
39,17,2.0,0.9985668000000001,1.0014332,0.07142857142857142,0
4,31,0.72405678,0.6789405,0.04511628000000001,0.03571428571428571,0
53,1,1.0,0.5972831999999999,0.4027168000000001,0.03571428571428571,0
47,4,0.4732571000000001,0.5141796000000001,-0.04092249999999997,0.03571428571428571,0
1,4,0.52312654,0.4924442,0.03068234000000003,0.03571428571428571,0
50,4,1.0,0.2883606999999999,0.7116393000000001,0.03571428571428571,0
3,4,0.0,0.0,0.0,0.0,0
1,1,0.0,0.0,0.0,0.0,0
32,19,0.0,0.0,0.0,0.0,0
32,20,0.0,0.0,0.0,0.0,0
2,31,0.0,0.0,0.0,0.0,0
35,20,0.0,0.0,0.0,0.0,0
5,4,0.0,0.0,0.0,0.0,0
38,17,0.0,0.0,0.0,0.0,0
6,4,0.0,0.0,0.0,0.0,0
37,4,0.0,0.0,0.0,0.0,0
33,4,0.0,0.0,0.0,0.0,0
53,4,0.0,0.0,0.0,0.0,0
35,1,0.0,0.0,0.0,0.0,0
33,31,0.0,0.0,0.0,0.0,0
36,4,0.0,0.0,0.0,0.0,0
37,1,0.0,0.0,0.0,0.0,0
33,20,0.0,0.0,0.0,0.0,0
33,19,0.0,0.0,0.0,0.0,0
34,4,0.0,0.0,0.0,0.0,0
52,4,0.0,0.0,0.0,0.0,0
52,1,0.0,0.0,0.0,0.0,0
6,17,0.0,0.0,0.0,0.0,0
35,19,0.0,0.0,0.0,0.0,0
6,31,0.0,0.0,0.0,0.0,0
32,4,0.0,0.0,0.0,0.0,0
38,1,0.0,0.0,0.0,0.0,0
39,4,0.0,0.0,0.0,0.0,0
33,1,0.0,0.0,0.0,0.0,0
32,31,0.0,0.0,0.0,0.0,0
37,31,0.0,0.0,0.0,0.0,0
38,4,0.0,0.0,0.0,0.0,0
18,4,0.0,0.0,0.0,0.0,0
47,1,0.0,0.0,0.0,0.0,0
17,20,0.0,0.0,0.0,0.0,0
44,4,0.0,0.0,0.0,0.0,0
24,17,0.0,0.0,0.0,0.0,0
23,31,0.0,0.0,0.0,0.0,0
24,4,0.0,0.0,0.0,0.0,0
17,4,0.0,0.0,0.0,0.0,0
16,19,0.0,0.0,0.0,0.0,0
54,31,0.0,0.0,0.0,0.0,0
25,19,0.0,0.0,0.0,0.0,0
24,31,0.0,0.0,0.0,0.0,0
25,4,0.0,0.0,0.0,0.0,0
44,1,0.0,0.0,0.0,0.0,0
16,31,0.0,0.0,0.0,0.0,0
16,4,0.0,0.0,0.0,0.0,0
48,1,0.0,0.0,0.0,0.0,0
15,20,0.0,0.0,0.0,0.0,0
26,1,0.0,0.0,0.0,0.0,0
16,20,0.0,0.0,0.0,0.0,0
35,4,0.0,0.0,0.0,0.0,0
54,20,0.0,0.0,0.0,0.0,0
36,19,0.0,0.0,0.0,0.0,0
36,1,0.0,0.0,0.0,0.0,0
2,1,0.0,0.0,0.0,0.0,0
2,4,0.0,0.0,0.0,0.0,0
1,31,0.0,0.0,0.0,0.0,0
54,1,0.0,0.0,0.0,0.0,0
54,4,0.0,0.0,0.0,0.0,0
45,1,0.0,0.0,0.0,0.0,0
21,4,0.0,0.0,0.0,0.0,0
20,17,0.0,0.0,0.0,0.0,0
46,1,0.0,0.0,0.0,0.0,0
22,4,0.0,0.0,0.0,0.0,0
20,4,0.0,0.0,0.0,0.0,0
19,20,0.0,0.0,0.0,0.0,0
19,4,0.0,0.0,0.0,0.0,0
23,1,0.0,0.0,0.0,0.0,0
22,17,0.0,0.0,0.0,0.0,0
22,20,0.0,0.0,0.0,0.0,0
54,19,0.0,0.0,0.0,0.0,0
12,20,0.0,0.0,0.0,0.0,0
12,1,0.0,0.0,0.0,0.0,0
12,4,0.0,0.0,0.0,0.0,0
30,20,0.0,0.0,0.0,0.0,0
40,31,0.0,0.0,0.0,0.0,0
41,4,0.0,0.0,0.0,0.0,0
11,4,0.0,0.0,0.0,0.0,0
50,1,0.0,0.0,0.0,0.0,0
40,19,0.0,0.0,0.0,0.0,0
26,4,0.0,0.0,0.0,0.0,0
10,1,0.0,0.0,0.0,0.0,0
32,1,0.0,0.0,0.0,0.0,0
31,4,0.0,0.0,0.0,0.0,0
40,4,0.0,0.0,0.0,0.0,0
10,4,0.0,0.0,0.0,0.0,0
9,17,0.0,0.0,0.0,0.0,0
9,4,0.0,0.0,0.0,0.0,0
51,1,0.0,0.0,0.0,0.0,0
51,4,0.0,0.0,0.0,0.0,0
8,17,0.0,0.0,0.0,0.0,0
10,20,0.0,0.0,0.0,0.0,0
43,19,0.0,0.0,0.0,0.0,0
15,4,0.0,0.0,0.0,0.0,0
48,4,0.0,0.0,0.0,0.0,0
43,4,0.0,0.0,0.0,0.0,0
28,1,0.0,0.0,0.0,0.0,0
28,4,0.0,0.0,0.0,0.0,0
14,20,0.0,0.0,0.0,0.0,0
49,1,0.0,0.0,0.0,0.0,0
14,1,0.0,0.0,0.0,0.0,0
13,4,0.0,0.0,0.0,0.0,0
13,20,0.0,0.0,0.0,0.0,0
49,4,0.0,0.0,0.0,0.0,0
29,4,0.0,0.0,0.0,0.0,0
28,19,0.0,0.0,0.0,0.0,0
42,1,0.0,0.0,0.0,0.0,0
42,4,0.0,0.0,0.0,0.0,0
30,4,0.0,0.0,0.0,0.0,0
29,17,0.0,0.0,0.0,0.0,0
29,19,0.0,0.0,0.0,0.0,0
13,1,0.0,0.0,0.0,0.0,0
14,4,0.0,0.0,0.0,0.0,0
